Time (s),Ego Speed (km/h),Lead Speed (km/h),Smoothed Lead Speed (km/h),Distance Between (m),Ego Distance Covered (m),Lead Vehicle Distance Covered (m),Ego X (m),Ego Y (m),Lead X (m),Lead Y (m)
0.0,1.63,1.76,1.76,25.93,0.0,0.0,107.08,133.0,133.0,133.43
0.05,1.91,1.76,1.76,25.9,0.03,0.01,107.11,133.0,133.0,133.43
0.1,2.1,1.76,1.76,25.88,0.05,0.03,107.13,133.0,133.0,133.43
0.15,2.19,1.77,1.76,25.85,0.08,0.04,107.16,133.0,133.0,133.43
0.2,2.21,1.77,1.77,25.82,0.11,0.06,107.19,133.0,133.0,133.43
0.25,2.18,1.78,1.77,25.79,0.14,0.07,107.22,133.01,133.01,133.43
0.3,1.87,1.79,1.77,25.77,0.17,0.09,107.25,133.01,133.01,133.43
0.35,1.59,1.8,1.77,25.75,0.2,0.1,107.28,133.01,133.02,133.43
0.4,1.31,1.82,1.78,25.73,0.22,0.12,107.29,133.01,133.02,133.43
0.45,1.39,1.85,1.79,25.72,0.23,0.14,107.31,133.01,133.03,133.43
0.5,1.54,1.89,1.8,25.71,0.25,0.15,107.33,133.01,133.04,133.43
0.55,1.87,1.93,1.82,25.7,0.28,0.17,107.36,133.01,133.05,133.43
0.6000000000000001,2.2,1.98,1.84,25.68,0.31,0.19,107.39,133.01,133.06,133.43
0.65,2.55,2.03,1.86,25.66,0.34,0.21,107.42,133.01,133.08,133.43
0.7000000000000001,2.73,2.1,1.9,25.64,0.38,0.23,107.46,133.01,133.09,133.43
0.75,2.79,2.17,1.94,25.62,0.42,0.26,107.5,133.02,133.11,133.43
0.8,2.83,2.24,1.98,25.6,0.46,0.28,107.54,133.02,133.13,133.43
0.8500000000000001,2.89,2.33,2.03,25.58,0.5,0.31,107.57,133.02,133.15,133.43
0.9,2.96,2.42,2.09,25.56,0.54,0.33,107.61,133.02,133.17,133.43
0.95,3.07,2.51,2.16,25.55,0.58,0.36,107.66,133.02,133.2,133.43
1.0,3.22,2.61,2.23,25.53,0.62,0.39,107.7,133.03,133.23,133.43
1.05,3.39,2.72,2.31,25.51,0.67,0.43,107.75,133.03,133.25,133.43
1.1,3.57,2.83,2.4,25.49,0.72,0.46,107.8,133.03,133.28,133.43
1.15,3.76,2.94,2.49,25.47,0.77,0.5,107.85,133.03,133.32,133.43
1.2000000000000002,3.92,3.06,2.58,25.46,0.82,0.53,107.9,133.04,133.35,133.43
1.25,4.07,3.18,2.69,25.44,0.88,0.57,107.96,133.04,133.39,133.43
1.3,4.19,3.31,2.79,25.42,0.93,0.61,108.01,133.04,133.43,133.43
1.35,4.3,3.44,2.9,25.4,0.99,0.66,108.07,133.05,133.47,133.43
1.4,4.41,3.57,3.02,25.38,1.05,0.7,108.13,133.05,133.51,133.43
1.4500000000000002,4.52,3.58,3.12,25.37,1.12,0.75,108.19,133.05,133.56,133.43
1.5,4.63,3.39,3.2,25.35,1.18,0.8,108.26,133.06,133.6,133.43
1.55,4.76,3.85,3.32,25.33,1.25,0.85,108.32,133.06,133.65,133.43
1.6,4.9,3.66,3.4,25.32,1.31,0.9,108.39,133.06,133.7,133.43
1.65,5.05,4.14,3.52,25.3,1.38,0.96,108.46,133.07,133.76,133.43
1.7000000000000002,5.2,3.92,3.6,25.29,1.45,1.01,108.53,133.07,133.81,133.43
1.75,5.34,4.44,3.73,25.27,1.53,1.07,108.6,133.08,133.87,133.43
1.8,5.48,4.21,3.82,25.25,1.6,1.13,108.68,133.08,133.93,133.43
1.85,5.59,4.74,3.95,25.24,1.68,1.19,108.76,133.09,134.0,133.43
1.9,5.69,4.49,4.04,25.23,1.76,1.26,108.83,133.09,134.06,133.43
1.95,5.81,5.05,4.19,25.22,1.84,1.33,108.92,133.1,134.13,133.43
2.0,5.95,4.78,4.33,25.2,1.92,1.39,109.0,133.1,134.2,133.43
2.0500000000000003,6.09,5.35,4.48,25.19,2.0,1.47,109.08,133.11,134.27,133.43
2.1,6.24,5.07,4.62,25.18,2.09,1.54,109.17,133.11,134.34,133.43
2.15,6.39,5.66,4.77,25.17,2.18,1.61,109.25,133.12,134.42,133.43
2.2,6.54,5.36,4.91,25.15,2.27,1.69,109.34,133.12,134.49,133.43
2.25,6.68,5.96,5.07,25.14,2.36,1.77,109.43,133.13,134.57,133.43
2.3000000000000003,6.81,5.66,5.21,25.13,2.45,1.85,109.53,133.13,134.65,133.43
2.35,6.95,6.27,5.37,25.12,2.55,1.94,109.62,133.14,134.74,133.43
2.4000000000000004,7.08,5.96,5.51,25.1,2.65,2.02,109.72,133.15,134.82,133.43
2.45,7.21,6.58,5.67,25.09,2.74,2.11,109.82,133.15,134.91,133.43
2.5,7.34,6.26,5.81,25.08,2.85,2.2,109.92,133.16,135.0,133.43
2.5500000000000003,7.48,6.89,5.97,25.07,2.95,2.29,110.02,133.17,135.1,133.43
2.6,7.62,6.57,6.12,25.06,3.05,2.39,110.13,133.17,135.19,133.43
2.6500000000000004,7.76,7.2,6.27,25.05,3.16,2.49,110.24,133.18,135.29,133.43
2.7,7.9,6.88,6.42,25.04,3.27,2.58,110.35,133.19,135.38,133.43
2.75,8.05,7.51,6.58,25.03,3.38,2.69,110.46,133.19,135.49,133.43
2.8000000000000003,8.19,7.19,6.73,25.02,3.49,2.79,110.57,133.2,135.59,133.43
2.85,8.33,7.82,6.89,25.01,3.61,2.89,110.68,133.21,135.69,133.43
2.9000000000000004,8.46,7.49,7.04,25.0,3.73,3.0,110.8,133.22,135.8,133.43
2.95,8.58,8.13,7.19,24.99,3.84,3.11,110.92,133.22,135.91,133.43
3.0,8.71,7.8,7.35,24.98,3.96,3.22,111.04,133.23,136.02,133.43
3.0500000000000003,8.84,8.44,7.5,24.98,4.09,3.34,111.16,133.24,136.14,133.43
3.1,8.97,8.11,7.66,24.97,4.21,3.45,111.28,133.25,136.25,133.43
3.1500000000000004,9.1,8.75,7.81,24.96,4.34,3.57,111.41,133.26,136.37,133.43
3.2,9.26,8.42,7.97,24.95,4.46,3.69,111.54,133.26,136.49,133.43
3.25,9.43,9.05,8.12,24.95,4.59,3.81,111.67,133.27,136.61,133.43
3.3000000000000003,9.61,8.74,8.28,24.94,4.73,3.94,111.8,133.28,136.74,133.43
3.35,9.79,9.36,8.43,24.93,4.86,4.06,111.93,133.29,136.87,133.43
3.4000000000000004,9.95,9.05,8.59,24.92,5.0,4.19,112.07,133.3,136.99,133.43
3.45,10.1,9.67,8.74,24.92,5.14,4.32,112.21,133.3,137.12,133.43
3.5,10.25,9.36,8.9,24.91,5.28,4.46,112.35,133.31,137.26,133.43
3.5500000000000003,10.38,9.98,9.05,24.9,5.42,4.59,112.49,133.32,137.39,133.43
3.6,10.5,9.67,9.2,24.89,5.57,4.73,112.64,133.33,137.53,133.43
3.65,10.61,10.28,9.36,24.89,5.72,4.87,112.79,133.34,137.67,133.43
3.7,10.74,9.98,9.51,24.88,5.86,5.01,112.93,133.35,137.81,133.43
3.75,10.89,10.59,9.67,24.87,6.01,5.16,113.08,133.35,137.96,133.43
3.8,11.05,10.29,9.82,24.87,6.17,5.3,113.24,133.36,138.1,133.43
3.85,11.23,10.9,9.98,24.86,6.32,5.45,113.39,133.37,138.25,133.43
3.9,11.4,10.61,10.13,24.85,6.48,5.6,113.55,133.38,138.4,133.43
3.95,11.57,11.21,10.29,24.85,6.64,5.75,113.71,133.39,138.55,133.43
4.0,11.73,10.92,10.44,24.84,6.8,5.91,113.87,133.4,138.71,133.43
4.05,11.88,11.52,10.6,24.83,6.96,6.07,114.03,133.4,138.87,133.43
4.1000000000000005,12.03,11.24,10.75,24.82,7.13,6.22,114.2,133.41,139.02,133.43
4.15,12.16,11.84,10.91,24.82,7.3,6.39,114.37,133.42,139.19,133.43
4.2,12.29,11.56,11.07,24.81,7.47,6.55,114.54,133.43,139.35,133.43
4.25,12.42,12.15,11.22,24.81,7.64,6.72,114.71,133.43,139.52,133.43
4.3,12.56,11.88,11.38,24.8,7.81,6.88,114.88,133.44,139.68,133.43
4.3500000000000005,12.71,12.46,11.54,24.8,7.99,7.05,115.06,133.45,139.85,133.43
4.4,12.86,12.2,11.7,24.79,8.17,7.22,115.24,133.46,140.02,133.43
4.45,13.01,12.77,11.86,24.79,8.35,7.4,115.42,133.46,140.2,133.43
4.5,13.14,12.51,12.01,24.78,8.53,7.58,115.6,133.47,140.38,133.43
4.55,13.29,13.08,12.17,24.78,8.71,7.76,115.78,133.48,140.56,133.43
4.6000000000000005,13.46,12.82,12.33,24.77,8.9,7.93,115.97,133.48,140.74,133.43
4.65,13.63,13.39,12.48,24.77,9.09,8.12,116.15,133.49,140.92,133.43
4.7,13.8,13.13,12.64,24.76,9.28,8.3,116.35,133.5,141.1,133.43
4.75,13.97,13.69,12.79,24.76,9.47,8.49,116.54,133.5,141.29,133.43
4.800000000000001,14.13,13.44,12.95,24.75,9.67,8.68,116.73,133.51,141.48,133.43
4.8500000000000005,14.27,13.99,13.1,24.74,9.87,8.87,116.93,133.51,141.67,133.43
4.9,14.36,13.75,13.26,24.74,10.06,9.07,117.13,133.52,141.87,133.43
4.95,14.39,14.29,13.41,24.73,10.26,9.26,117.33,133.52,142.06,133.43
5.0,14.42,14.05,13.56,24.73,10.46,9.46,117.53,133.53,142.26,133.43
5.050000000000001,14.46,14.6,13.72,24.73,10.66,9.66,117.73,133.54,142.46,133.43
5.1000000000000005,14.55,14.36,13.87,24.73,10.87,9.86,117.93,133.54,142.66,133.43
5.15,14.67,14.9,14.02,24.73,11.07,10.07,118.13,133.54,142.87,133.43
5.2,14.84,14.67,14.17,24.73,11.27,10.27,118.34,133.55,143.07,133.43
5.25,15.04,15.2,14.33,24.74,11.48,10.48,118.55,133.55,143.28,133.43
5.300000000000001,15.24,14.98,14.48,24.74,11.69,10.69,118.76,133.56,143.49,133.43
5.3500000000000005,15.44,15.5,14.63,24.74,11.91,10.91,118.97,133.56,143.71,133.43
5.4,15.6,15.29,14.79,24.73,12.12,11.12,119.19,133.56,143.92,133.43
5.45,15.7,15.8,14.94,24.73,12.34,11.34,119.4,133.57,144.14,133.43
5.5,15.78,15.6,15.09,24.73,12.56,11.56,119.62,133.57,144.36,133.43
5.550000000000001,15.88,16.09,15.24,24.74,12.78,11.78,119.84,133.57,144.58,133.43
5.6000000000000005,15.98,15.91,15.39,24.74,13.0,12.0,120.06,133.57,144.8,133.43
5.65,16.11,16.39,15.54,24.74,13.22,12.23,120.29,133.58,145.03,133.43
5.7,16.27,16.22,15.7,24.74,13.45,12.45,120.51,133.58,145.25,133.43
5.75,16.48,16.69,15.85,24.74,13.67,12.68,120.74,133.58,145.48,133.43
5.800000000000001,16.72,16.52,16.0,24.74,13.91,12.91,120.97,133.58,145.71,133.43
5.8500000000000005,16.96,16.99,16.15,24.75,14.14,13.15,121.21,133.58,145.95,133.43
5.9,17.19,16.84,16.3,24.74,14.38,13.38,121.44,133.59,146.18,133.43
5.95,17.39,17.3,16.45,24.74,14.62,13.62,121.68,133.59,146.42,133.43
6.0,17.56,17.15,16.61,24.74,14.86,13.86,121.93,133.59,146.66,133.43
6.050000000000001,17.69,17.6,16.76,24.74,15.11,14.11,122.17,133.59,146.91,133.43
6.1000000000000005,17.8,17.47,16.92,24.73,15.35,14.35,122.42,133.59,147.15,133.43
6.15,17.9,17.91,17.07,24.73,15.6,14.6,122.67,133.59,147.4,133.43
6.2,18.01,17.79,17.23,24.73,15.85,14.85,122.92,133.59,147.65,133.43
6.25,18.13,18.08,17.37,24.73,16.1,15.1,123.17,133.59,147.9,133.44
6.300000000000001,18.27,18.24,17.54,24.73,16.35,15.35,123.42,133.59,148.15,133.44
6.3500000000000005,18.43,18.94,17.73,24.73,16.61,15.6,123.67,133.59,148.4,133.44
6.4,18.61,17.91,17.84,24.72,16.87,15.85,123.93,133.59,148.65,133.44
6.45,18.81,18.71,17.98,24.72,17.13,16.11,124.19,133.59,148.91,133.44
6.5,19.0,18.78,18.14,24.72,17.39,16.37,124.46,133.59,149.18,133.44
6.550000000000001,19.2,19.11,18.29,24.72,17.65,16.64,124.72,133.59,149.44,133.44
6.6000000000000005,19.36,19.1,18.46,24.72,17.92,16.91,124.99,133.59,149.71,133.44
6.65,19.49,19.43,18.61,24.72,18.19,17.17,125.26,133.59,149.98,133.44
6.7,19.6,19.42,18.77,24.72,18.46,17.44,125.53,133.59,150.24,133.44
6.75,19.73,19.74,18.94,24.72,18.74,17.72,125.8,133.59,150.52,133.44
6.800000000000001,19.88,19.73,19.09,24.72,19.01,17.99,126.08,133.59,150.79,133.44
6.8500000000000005,20.03,20.05,19.2,24.72,19.29,18.27,126.36,133.59,151.07,133.44
6.9,20.19,20.04,19.41,24.72,19.57,18.55,126.64,133.58,151.35,133.44
6.95,20.37,20.36,19.58,24.72,19.85,18.83,126.92,133.58,151.63,133.44
7.0,20.55,20.35,19.73,24.72,20.14,19.12,127.2,133.58,151.92,133.44
7.050000000000001,20.7,20.67,19.89,24.72,20.42,19.4,127.49,133.58,152.2,133.44
7.1000000000000005,20.85,20.66,20.05,24.71,20.71,19.69,127.78,133.58,152.49,133.44
7.15,21.02,20.98,20.2,24.71,21.0,19.98,128.07,133.58,152.78,133.44
7.2,21.19,20.97,20.36,24.71,21.3,20.27,128.36,133.58,153.07,133.44
7.25,21.38,21.29,20.51,24.71,21.59,20.57,128.66,133.58,153.37,133.44
7.300000000000001,21.57,21.28,20.67,24.71,21.89,20.86,128.96,133.58,153.66,133.44
7.35,21.76,21.59,20.82,24.71,22.19,21.16,129.26,133.58,153.96,133.44
7.4,21.95,21.58,20.97,24.7,22.5,21.46,129.56,133.57,154.26,133.44
7.45,22.12,21.9,21.13,24.7,22.8,21.77,129.87,133.57,154.57,133.44
7.5,22.28,21.88,21.28,24.7,23.11,22.07,130.18,133.57,154.87,133.44
7.550000000000001,22.43,22.2,21.43,24.69,23.42,22.38,130.49,133.57,155.18,133.44
7.6,22.56,22.18,21.59,24.69,23.73,22.69,130.8,133.57,155.49,133.44
7.65,22.67,22.49,21.74,24.69,24.05,23.0,131.11,133.57,155.8,133.44
7.7,22.8,22.48,21.89,24.68,24.36,23.31,131.43,133.57,156.11,133.44
7.75,22.94,22.79,22.04,24.68,24.68,23.63,131.75,133.57,156.43,133.44
7.800000000000001,23.09,22.78,22.19,24.68,25.0,23.95,132.07,133.57,156.75,133.44
7.85,23.24,23.09,22.34,24.68,25.32,24.27,132.39,133.57,157.07,133.44
7.9,23.42,23.08,22.49,24.68,25.65,24.59,132.71,133.57,157.39,133.44
7.95,23.61,23.39,22.64,24.67,25.97,24.91,133.04,133.57,157.71,133.44
8.0,23.81,23.38,22.79,24.67,26.3,25.24,133.37,133.57,158.04,133.44
8.05,24.01,23.68,22.93,24.66,26.64,25.57,133.7,133.57,158.37,133.44
8.1,24.2,23.67,23.08,24.66,26.97,25.89,134.04,133.56,158.7,133.44
8.15,24.37,23.98,23.23,24.65,27.31,26.23,134.37,133.56,159.03,133.44
8.200000000000001,24.53,23.97,23.38,24.65,27.65,26.56,134.71,133.56,159.36,133.44
8.25,24.67,24.28,23.53,24.64,27.99,26.9,135.06,133.56,159.7,133.44
8.3,24.81,24.27,23.68,24.64,28.33,27.23,135.4,133.56,160.04,133.44
8.35,24.94,24.57,23.83,24.63,28.68,27.58,135.74,133.56,160.38,133.44
8.4,25.07,24.57,23.98,24.63,29.03,27.92,136.09,133.56,160.72,133.44
8.450000000000001,25.22,24.88,24.13,24.62,29.38,28.26,136.44,133.56,161.06,133.44
8.5,25.37,24.87,24.27,24.62,29.73,28.61,136.79,133.56,161.41,133.44
8.55,25.54,25.18,24.42,24.61,30.08,28.96,137.15,133.56,161.76,133.44
8.6,25.7,25.18,24.57,24.61,30.44,29.31,137.5,133.56,162.11,133.44
8.65,25.85,25.48,24.72,24.6,30.8,29.66,137.86,133.56,162.46,133.44
8.700000000000001,26.01,25.48,24.88,24.59,31.16,30.02,138.22,133.56,162.82,133.44
8.75,26.19,25.78,25.03,24.59,31.52,30.37,138.59,133.56,163.17,133.44
8.8,26.37,25.78,25.18,24.58,31.88,30.73,138.95,133.56,163.53,133.44
8.85,26.55,26.09,25.33,24.58,32.25,31.09,139.32,133.56,163.9,133.44
8.9,26.73,26.09,25.48,24.57,32.62,31.46,139.69,133.56,164.26,133.44
8.950000000000001,26.89,26.39,25.63,24.56,33.0,31.82,140.06,133.56,164.62,133.44
9.0,26.99,26.39,25.78,24.56,33.37,32.19,140.43,133.56,164.99,133.44
9.05,27.04,26.69,25.93,24.55,33.74,32.56,140.81,133.56,165.36,133.44
9.1,27.06,26.69,26.09,24.55,34.12,32.93,141.19,133.56,165.73,133.44
9.15,27.09,26.99,26.24,24.55,34.5,33.31,141.56,133.56,166.11,133.44
9.2,27.15,27.0,26.39,24.54,34.87,33.68,141.94,133.56,166.48,133.44
9.25,27.26,27.3,26.54,24.54,35.25,34.06,142.32,133.56,166.86,133.44
9.3,27.4,27.3,26.69,24.54,35.63,34.44,142.7,133.56,167.24,133.44
9.35,27.59,27.6,26.84,24.55,36.01,34.82,143.08,133.56,167.62,133.44
9.4,27.78,27.6,27.0,24.54,36.4,35.21,143.46,133.56,168.01,133.45
9.45,27.97,27.9,27.15,24.54,36.79,35.59,143.85,133.56,168.39,133.45
9.5,28.17,27.91,27.3,24.54,37.18,35.98,144.24,133.56,168.78,133.45
9.55,28.34,28.2,27.45,24.54,37.57,36.37,144.63,133.56,169.17,133.45
9.6,28.47,28.21,27.6,24.54,37.96,36.77,145.03,133.56,169.57,133.45
9.65,28.58,28.51,27.75,24.54,38.36,37.16,145.43,133.56,169.96,133.45
9.7,28.69,28.51,27.9,24.54,38.76,37.56,145.82,133.56,170.36,133.45
9.75,28.81,28.81,28.05,24.54,39.16,37.96,146.22,133.56,170.76,133.45
9.8,28.95,28.81,28.21,24.54,39.56,38.36,146.62,133.56,171.16,133.45
9.85,29.1,29.11,28.36,24.54,39.96,38.76,147.03,133.56,171.56,133.45
9.9,29.25,29.12,28.51,24.54,40.37,39.17,147.43,133.56,171.97,133.45
9.95,29.42,29.42,28.66,24.54,40.77,39.57,147.84,133.56,172.38,133.45
10.0,29.61,29.43,28.81,24.54,41.18,39.98,148.25,133.56,172.79,133.45
10.05,29.83,29.72,28.96,24.53,41.6,40.4,148.66,133.56,173.2,133.45
10.1,30.04,29.73,29.12,24.53,42.01,40.81,149.08,133.56,173.61,133.45
10.15,30.25,30.02,29.27,24.53,42.43,41.23,149.5,133.56,174.03,133.45
10.2,30.45,30.04,29.42,24.53,42.85,41.64,149.92,133.56,174.45,133.45
10.25,30.62,30.32,29.57,24.52,43.28,42.07,150.34,133.56,174.87,133.45
10.3,30.78,30.34,29.72,24.52,43.71,42.49,150.77,133.57,175.29,133.45
10.35,30.91,30.62,29.88,24.51,44.13,42.91,151.2,133.57,175.71,133.45
10.4,31.03,30.64,30.03,24.51,44.56,43.34,151.63,133.57,176.14,133.45
10.45,31.15,30.93,30.18,24.51,45.0,43.77,152.06,133.57,176.57,133.45
10.5,31.24,30.95,30.33,24.5,45.43,44.2,152.49,133.57,177.0,133.45
10.55,31.32,31.23,30.48,24.5,45.86,44.63,152.93,133.57,177.43,133.45
10.6,31.37,31.25,30.63,24.5,46.3,45.07,153.37,133.57,177.87,133.45
10.65,31.41,31.54,30.79,24.5,46.74,45.5,153.8,133.57,178.3,133.45
10.7,31.45,31.56,30.94,24.5,47.17,45.94,154.24,133.57,178.74,133.45
10.75,31.5,31.84,31.09,24.51,47.61,46.38,154.68,133.57,179.18,133.45
10.8,31.59,31.86,31.24,24.51,48.05,46.83,155.11,133.57,179.63,133.45
10.85,31.64,32.14,31.39,24.52,48.49,47.27,155.55,133.57,180.07,133.45
10.9,31.61,32.16,31.55,24.53,48.93,47.72,155.99,133.57,180.52,133.45
10.95,31.59,32.44,31.7,24.54,49.36,48.17,156.43,133.57,180.97,133.45
11.0,31.56,32.46,31.85,24.55,49.8,48.62,156.87,133.57,181.42,133.45
11.05,31.53,32.74,32.0,24.57,50.24,49.08,157.31,133.57,181.88,133.45
11.1,31.51,32.76,32.15,24.59,50.68,49.53,157.74,133.57,182.33,133.45
11.15,31.48,33.04,32.3,24.61,51.12,49.99,158.18,133.57,182.79,133.45
11.2,31.45,33.06,32.45,24.63,51.55,50.45,158.62,133.57,183.25,133.45
11.25,31.43,33.34,32.6,24.66,51.99,50.91,159.05,133.57,183.71,133.45
11.3,31.4,33.36,32.75,24.68,52.43,51.38,159.49,133.57,184.18,133.45
11.35,31.6,33.64,32.9,24.72,52.86,51.84,159.93,133.57,184.64,133.45
11.4,32.75,33.66,33.05,24.73,53.31,52.31,160.38,133.57,185.11,133.45
11.45,33.82,33.94,33.2,24.74,53.78,52.78,160.84,133.57,185.58,133.45
11.5,34.81,33.96,33.35,24.73,54.25,53.25,161.32,133.57,186.05,133.45
11.55,35.61,34.24,33.5,24.72,54.75,53.73,161.81,133.57,186.53,133.45
11.6,36.13,34.27,33.65,24.7,55.24,54.21,162.31,133.57,187.01,133.45
11.65,36.33,34.54,33.8,24.67,55.75,54.68,162.81,133.57,187.49,133.45
11.7,36.33,34.57,33.95,24.65,56.25,55.17,163.32,133.57,187.97,133.45
11.75,36.18,34.85,34.1,24.63,56.76,55.65,163.82,133.57,188.45,133.45
11.8,35.97,34.88,34.26,24.61,57.26,56.13,164.32,133.57,188.93,133.45
11.85,35.76,35.16,34.41,24.6,57.75,56.62,164.82,133.57,189.42,133.45
11.9,35.62,35.19,34.56,24.6,58.25,57.11,165.32,133.57,189.91,133.46
11.95,35.58,35.47,34.71,24.6,58.74,57.6,165.81,133.57,190.4,133.46
12.0,35.67,35.49,34.87,24.59,59.24,58.1,166.3,133.57,190.9,133.46
12.05,35.86,35.77,35.02,24.59,59.73,58.59,166.8,133.57,191.39,133.46
12.1,36.11,35.79,35.17,24.59,60.23,59.09,167.3,133.57,191.89,133.46
12.15,36.39,36.07,35.32,24.59,60.74,59.59,167.8,133.57,192.39,133.46
12.2,36.68,36.1,35.48,24.58,61.25,60.09,168.31,133.58,192.89,133.46
12.25,36.92,36.37,35.63,24.57,61.76,60.6,168.82,133.58,193.4,133.46
12.3,37.1,36.39,35.78,24.57,62.27,61.1,169.34,133.58,193.9,133.46
12.35,37.21,36.67,35.93,24.56,62.79,61.61,169.85,133.58,194.41,133.46
12.4,37.23,36.7,36.08,24.55,63.31,62.12,170.37,133.58,194.92,133.46
12.45,37.19,36.97,36.23,24.55,63.82,62.64,170.89,133.58,195.44,133.46
12.5,37.1,37.0,36.38,24.55,64.34,63.15,171.4,133.58,195.95,133.46
12.55,37.01,37.27,36.53,24.55,64.85,63.67,171.92,133.58,196.47,133.46
12.6,36.93,37.3,36.68,24.56,65.37,64.19,172.43,133.58,196.99,133.46
12.65,36.88,37.56,36.83,24.56,65.88,64.71,172.94,133.58,197.51,133.46
12.7,36.85,37.59,36.98,24.58,66.39,65.23,173.46,133.58,198.03,133.46
12.75,36.85,37.86,37.13,24.59,66.9,65.76,173.97,133.58,198.56,133.46
12.8,36.86,37.89,37.28,24.6,67.41,66.28,174.48,133.58,199.08,133.46
12.85,36.9,38.15,37.43,24.62,67.93,66.81,174.99,133.58,199.61,133.46
12.9,36.86,38.19,37.58,24.64,68.44,67.34,175.5,133.58,200.14,133.46
12.95,36.83,38.45,37.73,24.66,68.95,67.88,176.02,133.58,200.68,133.46
13.0,36.8,38.49,37.87,24.69,69.46,68.41,176.53,133.58,201.21,133.46
13.05,36.77,38.75,38.02,24.71,69.97,68.95,177.04,133.58,201.75,133.46
13.1,36.73,38.79,38.17,24.74,70.48,69.49,177.55,133.58,202.29,133.46
13.15,36.7,39.06,38.32,24.77,70.99,70.03,178.06,133.58,202.83,133.46
13.2,36.67,39.1,38.47,24.81,71.5,70.57,178.57,133.58,203.38,133.46
13.25,36.64,39.36,38.62,24.84,72.01,71.12,179.08,133.58,203.92,133.46
13.3,36.61,39.4,38.78,24.88,72.52,71.67,179.59,133.58,204.47,133.46
13.35,36.57,39.66,38.93,24.93,73.03,72.22,180.09,133.58,205.02,133.46
13.4,35.22,39.7,39.08,24.98,73.53,72.77,180.59,133.58,205.57,133.46
13.45,33.83,39.96,39.23,25.06,74.0,73.33,181.07,133.58,206.13,133.46
13.5,32.66,40.0,39.38,25.16,74.46,73.88,181.53,133.58,206.68,133.46
13.55,31.79,40.26,39.53,25.27,74.91,74.44,181.97,133.58,207.24,133.46
13.6,31.23,40.3,39.68,25.39,75.34,75.0,182.41,133.58,207.8,133.46
13.65,30.93,40.56,39.83,25.52,75.77,75.56,182.84,133.58,208.36,133.46
13.7,30.87,40.61,39.98,25.66,76.2,76.13,183.27,133.58,208.93,133.46
13.75,30.98,40.86,40.13,25.8,76.63,76.7,183.7,133.58,209.5,133.46
13.8,31.19,40.91,40.28,25.93,77.07,77.26,184.13,133.58,210.06,133.46
13.85,31.4,41.16,40.43,26.07,77.5,77.84,184.57,133.58,210.64,133.46
13.9,31.49,41.2,40.58,26.2,77.94,78.41,185.0,133.58,211.21,133.46
13.95,31.38,41.46,40.73,26.34,78.38,78.98,185.44,133.58,211.78,133.46
14.0,31.08,41.5,40.88,26.49,78.81,79.56,185.87,133.58,212.36,133.46
14.05,30.62,41.75,41.03,26.64,79.24,80.14,186.3,133.58,212.94,133.46
14.1,30.07,41.79,41.18,26.8,79.66,80.72,186.72,133.58,213.52,133.46
14.15,29.54,42.04,41.33,26.97,80.07,81.3,187.14,133.58,214.1,133.46
14.2,29.03,42.08,41.48,27.15,80.48,81.89,187.54,133.58,214.69,133.47
14.25,28.63,42.33,41.62,27.34,80.88,82.48,187.94,133.59,215.28,133.47
14.3,28.38,42.37,41.77,27.53,81.27,83.07,188.34,133.59,215.87,133.47
14.35,28.3,42.62,41.91,27.73,81.66,83.66,188.73,133.59,216.46,133.47
14.4,28.38,42.66,42.06,27.93,82.06,84.25,189.12,133.59,217.05,133.47
14.45,28.57,42.9,42.2,28.13,82.45,84.85,189.52,133.59,217.65,133.47
14.5,28.79,42.94,42.35,28.33,82.85,85.44,189.92,133.59,218.24,133.47
14.55,29.0,43.19,42.49,28.52,83.25,86.04,190.32,133.59,218.84,133.47
14.6,29.14,43.23,42.64,28.72,83.66,86.64,190.73,133.59,219.44,133.47
14.65,29.18,43.48,42.78,28.92,84.06,87.25,191.13,133.59,220.05,133.47
14.7,29.09,43.52,42.92,29.12,84.47,87.85,191.54,133.59,220.65,133.47
14.75,28.9,43.76,43.07,29.32,84.87,88.46,191.94,133.59,221.26,133.47
14.8,28.62,43.81,43.21,29.53,85.27,89.07,192.34,133.59,221.87,133.47
14.85,28.31,44.06,43.36,29.75,85.67,89.68,192.73,133.59,222.48,133.47
14.9,28.02,44.1,43.5,29.97,86.06,90.29,193.12,133.59,223.09,133.47
14.95,27.81,44.34,43.64,30.2,86.44,90.91,193.51,133.59,223.71,133.47
15.0,27.73,44.39,43.79,30.43,86.83,91.53,193.89,133.59,224.33,133.47
15.05,27.76,44.63,43.93,30.67,87.21,92.14,194.28,133.59,224.95,133.47
15.1,27.9,44.68,44.08,30.9,87.6,92.77,194.67,133.59,225.57,133.47
15.15,28.09,44.92,44.22,31.13,87.99,93.39,195.06,133.59,226.19,133.47
15.2,28.3,44.96,44.37,31.37,88.38,94.01,195.45,133.59,226.82,133.47
15.25,28.49,45.2,44.51,31.6,88.78,94.64,195.84,133.59,227.44,133.47
15.3,28.63,45.25,44.65,31.83,89.17,95.27,196.24,133.59,228.07,133.47
15.35,28.7,45.48,44.8,32.07,89.57,95.9,196.64,133.59,228.7,133.47
15.4,28.7,45.53,44.94,32.3,89.97,96.53,197.04,133.59,229.34,133.47
15.45,28.63,45.76,45.08,32.54,90.37,97.17,197.43,133.59,229.97,133.47
15.5,28.55,45.81,45.22,32.78,90.77,97.81,197.83,133.59,230.61,133.47
15.55,28.47,46.04,45.36,33.02,91.16,98.45,198.23,133.59,231.25,133.47
15.6,28.42,46.09,45.5,33.27,91.56,99.09,198.62,133.59,231.89,133.47
15.65,28.43,46.31,45.64,33.51,91.95,99.73,199.02,133.59,232.53,133.47
15.7,28.5,46.36,45.78,33.76,92.35,100.37,199.41,133.59,233.17,133.48
15.75,28.62,46.59,45.92,34.01,92.74,101.02,199.81,133.59,233.82,133.48
15.8,28.79,46.64,46.06,34.26,93.14,101.67,200.21,133.59,234.47,133.48
15.85,28.97,46.86,46.2,34.51,93.54,102.32,200.61,133.59,235.12,133.48
15.9,29.16,46.91,46.34,34.76,93.95,102.97,201.01,133.59,235.77,133.48
15.95,29.32,47.14,46.48,35.01,94.35,103.63,201.42,133.59,236.43,133.48
16.0,29.45,47.19,46.61,35.25,94.76,104.28,201.83,133.59,237.08,133.48
16.05,29.55,47.41,46.75,35.5,95.17,104.94,202.24,133.59,237.74,133.48
16.1,29.61,47.46,46.89,35.75,95.58,105.6,202.65,133.59,238.4,133.48
16.150000000000002,29.65,47.69,47.03,36.0,96.0,106.26,203.06,133.59,239.06,133.48
16.2,29.67,47.74,47.16,36.25,96.41,106.93,203.47,133.59,239.73,133.48
16.25,29.71,47.96,47.3,36.51,96.82,107.59,203.88,133.59,240.39,133.48
16.3,29.77,48.01,47.44,36.76,97.23,108.26,204.3,133.59,241.06,133.48
16.35,29.86,48.23,47.57,37.02,97.65,108.93,204.71,133.59,241.73,133.48
16.400000000000002,29.98,48.29,47.71,37.27,98.06,109.6,205.13,133.59,242.4,133.48
16.45,30.14,48.51,47.85,37.53,98.48,110.27,205.55,133.59,243.07,133.48
16.5,30.31,48.56,47.98,37.78,98.9,110.95,205.97,133.59,243.75,133.48
16.55,30.49,48.78,48.12,38.04,99.32,111.62,206.39,133.59,244.43,133.48
16.6,30.67,48.82,48.26,38.29,99.75,112.3,206.81,133.59,245.1,133.48
16.650000000000002,30.84,49.01,48.39,38.54,100.18,112.98,207.24,133.59,245.78,133.48
16.7,30.97,49.03,48.52,38.8,100.6,113.66,207.67,133.59,246.46,133.48
16.75,31.07,49.21,48.64,39.05,101.04,114.35,208.1,133.59,247.15,133.48
16.8,31.16,49.21,48.76,39.3,101.47,115.03,208.53,133.59,247.83,133.48
16.85,31.25,49.36,48.88,39.55,101.9,115.72,208.97,133.59,248.52,133.48
16.900000000000002,31.34,49.35,48.98,39.8,102.34,116.4,209.4,133.59,249.2,133.48
16.95,31.45,49.49,49.08,40.05,102.77,117.09,209.84,133.59,249.89,133.48
17.0,31.56,49.46,49.17,40.3,103.21,117.78,210.28,133.59,250.58,133.48
17.05,31.53,49.59,49.25,40.55,103.65,118.47,210.71,133.59,251.27,133.48
17.1,31.51,49.55,49.33,40.8,104.09,119.15,211.15,133.59,251.96,133.48
17.150000000000002,31.48,49.67,49.39,41.06,104.52,119.84,211.59,133.6,252.65,133.48
17.2,31.45,49.61,49.45,41.31,104.96,120.53,212.02,133.6,253.33,133.48
17.25,31.42,50.02,49.53,41.57,105.4,121.23,212.46,133.6,254.03,133.48
17.3,31.4,49.94,49.6,41.83,105.83,121.92,212.9,133.6,254.72,133.49
17.35,31.37,50.02,49.67,42.08,106.27,122.62,213.33,133.6,255.42,133.49
17.400000000000002,31.34,49.94,49.73,42.34,106.7,123.31,213.77,133.6,256.11,133.49
17.45,31.32,50.02,49.78,42.6,107.14,124.01,214.2,133.6,256.81,133.49
17.5,31.29,49.94,49.83,42.86,107.57,124.7,214.64,133.6,257.5,133.49
17.55,32.21,50.02,49.87,43.11,108.01,125.39,215.08,133.6,258.19,133.49
17.6,33.31,49.94,49.91,43.35,108.47,126.09,215.54,133.6,258.89,133.49
17.650000000000002,34.33,50.02,49.95,43.57,108.94,126.78,216.01,133.6,259.58,133.49
17.7,35.18,49.94,49.98,43.78,109.43,127.48,216.49,133.6,260.28,133.49
17.75,35.77,50.02,49.98,43.98,109.92,128.17,216.99,133.6,260.97,133.49
17.8,36.04,49.94,49.98,44.18,110.42,128.86,217.49,133.6,261.67,133.49
17.85,35.95,50.02,49.98,44.37,110.92,129.56,217.99,133.6,262.36,133.49
17.900000000000002,35.63,49.94,49.98,44.57,111.42,130.25,218.48,133.6,263.05,133.49
17.95,35.25,50.02,49.98,44.77,111.91,130.95,218.98,133.6,263.75,133.49
18.0,34.82,49.94,49.98,44.98,112.4,131.64,219.46,133.6,264.44,133.49
18.05,34.43,50.02,49.98,45.2,112.88,132.34,219.94,133.6,265.14,133.49
18.1,34.17,49.94,49.98,45.42,113.35,133.03,220.42,133.6,265.83,133.49
18.15,34.09,50.02,49.98,45.64,113.82,133.73,220.89,133.6,266.53,133.49
18.2,34.21,49.94,49.98,45.86,114.3,134.42,221.36,133.6,267.22,133.49
18.25,34.51,50.02,49.98,46.07,114.78,135.11,221.84,133.6,267.91,133.49
18.3,34.91,49.94,49.98,46.28,115.26,135.81,222.32,133.6,268.61,133.49
18.35,35.36,50.02,49.98,46.49,115.75,136.5,222.81,133.6,269.3,133.49
18.4,35.79,49.94,49.98,46.69,116.24,137.2,223.31,133.6,270.0,133.49
18.45,36.16,50.02,49.98,46.88,116.74,137.89,223.81,133.6,270.69,133.49
18.5,36.44,49.94,49.98,47.07,117.25,138.58,224.31,133.6,271.39,133.49
18.55,36.6,50.02,49.98,47.26,117.76,139.28,224.82,133.6,272.08,133.49
18.6,36.66,49.76,49.96,47.44,118.26,139.97,225.33,133.6,272.77,133.49
18.65,36.66,49.42,49.9,47.62,118.77,140.66,225.84,133.6,273.46,133.49
18.7,36.62,48.81,49.79,47.8,119.28,141.34,226.35,133.6,274.14,133.49
18.75,36.59,48.47,49.64,47.96,119.79,142.02,226.86,133.6,274.82,133.49
18.8,36.59,47.94,49.43,48.13,120.3,142.69,227.36,133.6,275.49,133.49
18.85,36.66,47.8,49.21,48.29,120.81,143.36,227.87,133.6,276.16,133.49
18.9,36.78,47.16,48.93,48.44,121.32,144.02,228.38,133.6,276.82,133.49
18.95,36.95,46.96,48.63,48.58,121.83,144.67,228.9,133.6,277.48,133.5
19.0,37.15,46.24,48.26,48.71,122.34,145.32,229.41,133.6,278.12,133.5
19.05,37.22,45.99,47.85,48.84,122.86,145.97,229.93,133.6,278.77,133.5
19.1,37.19,45.22,47.4,48.96,123.38,146.6,230.44,133.6,279.4,133.5
19.15,37.16,44.91,46.95,49.07,123.89,147.23,230.96,133.6,280.03,133.5
19.200000000000003,37.13,44.1,46.48,49.17,124.41,147.85,231.48,133.6,280.65,133.5
19.25,37.09,43.73,46.01,49.27,124.93,148.46,231.99,133.6,281.26,133.5
19.3,37.06,42.88,45.5,49.36,125.44,149.06,232.51,133.6,281.86,133.5
19.35,37.03,42.47,44.97,49.44,125.95,149.66,233.02,133.6,282.46,133.5
19.4,37.0,41.57,44.41,49.51,126.47,150.24,233.53,133.6,283.04,133.5
19.450000000000003,36.96,41.13,43.82,49.57,126.98,150.82,234.05,133.6,283.62,133.5
19.5,36.93,40.19,43.22,49.62,127.5,151.38,234.56,133.6,284.18,133.5
19.55,36.24,39.73,42.59,49.67,128.01,151.94,235.07,133.6,284.74,133.5
19.6,34.78,38.76,41.95,49.72,128.5,152.48,235.56,133.6,285.28,133.5
19.65,33.64,38.29,41.29,49.79,128.97,153.02,236.03,133.6,285.82,133.5
19.700000000000003,32.79,37.29,40.61,49.85,129.43,153.54,236.49,133.6,286.34,133.5
19.75,32.21,36.81,39.91,49.92,129.88,154.06,236.94,133.61,286.86,133.5
19.8,31.9,35.79,39.2,49.98,130.32,154.56,237.39,133.61,287.36,133.5
19.85,31.82,35.31,38.49,50.03,130.76,155.06,237.83,133.61,287.86,133.5
19.9,31.92,34.29,37.76,50.07,131.21,155.54,238.27,133.61,288.34,133.5
19.950000000000003,32.13,33.82,37.03,50.1,131.65,156.02,238.72,133.61,288.82,133.5
20.0,32.37,32.78,36.29,50.11,132.1,156.48,239.17,133.61,289.28,133.5
20.05,32.57,32.33,35.55,50.11,132.55,156.93,239.62,133.61,289.73,133.5
20.1,32.66,29.28,34.6,50.09,133.01,157.36,240.07,133.61,290.16,133.5
20.15,32.6,25.76,33.35,50.02,133.46,157.75,240.52,133.61,290.55,133.5
20.200000000000003,32.39,25.07,32.12,49.95,133.91,158.12,240.98,133.61,290.92,133.5
20.25,32.07,24.26,30.87,49.86,134.36,158.48,241.42,133.61,291.28,133.5
20.3,31.69,23.55,29.64,49.77,134.8,158.84,241.87,133.61,291.64,133.51
20.35,31.3,22.75,28.39,49.69,135.24,159.19,242.3,133.61,291.99,133.51
20.4,30.96,21.98,27.16,49.59,135.67,159.53,242.73,133.61,292.33,133.51
20.450000000000003,30.71,21.22,25.9,49.49,136.1,159.85,243.16,133.61,292.65,133.51
20.5,30.6,20.46,24.66,49.39,136.52,160.17,243.59,133.61,292.97,133.51
20.55,30.63,19.7,23.4,49.27,136.95,160.48,244.01,133.61,293.28,133.51
20.6,30.78,18.95,22.37,49.14,137.37,160.77,244.44,133.61,293.58,133.51
20.65,30.99,18.19,21.61,48.99,137.8,161.06,244.87,133.61,293.86,133.51
20.700000000000003,31.22,17.44,20.85,48.83,138.24,161.33,245.3,133.61,294.14,133.51
20.75,31.4,16.72,20.09,48.66,138.67,161.6,245.74,133.61,294.4,133.51
20.8,31.52,15.93,19.33,48.48,139.11,161.85,246.17,133.61,294.65,133.51
20.85,31.53,15.18,18.58,48.28,139.55,162.09,246.61,133.61,294.89,133.51
20.9,31.48,14.42,17.82,48.08,139.98,162.33,247.05,133.61,295.13,133.51
20.950000000000003,31.37,13.66,17.06,47.86,140.42,162.55,247.49,133.61,295.35,133.51
21.0,31.25,12.89,16.31,47.64,140.86,162.76,247.92,133.61,295.56,133.51
21.05,31.15,12.14,15.55,47.4,141.29,162.96,248.35,133.61,295.76,133.51
21.1,31.09,11.38,14.79,47.16,141.72,163.15,248.79,133.61,295.95,133.51
21.15,31.09,10.64,14.04,46.91,142.15,163.33,249.22,133.61,296.13,133.51
21.200000000000003,31.16,9.88,13.28,46.65,142.58,163.49,249.65,133.61,296.3,133.51
21.25,31.3,9.12,12.52,46.37,143.02,163.65,250.08,133.61,296.45,133.51
21.3,31.27,8.37,11.77,46.08,143.45,163.8,250.52,133.61,296.6,133.51
21.35,31.24,7.61,11.01,45.78,143.89,163.94,250.95,133.61,296.74,133.51
21.4,31.22,6.86,10.25,45.48,144.32,164.06,251.39,133.61,296.86,133.51
21.450000000000003,31.19,6.1,9.5,45.16,144.75,164.18,251.82,133.61,296.98,133.51
21.5,31.16,5.35,8.74,44.83,145.19,164.28,252.25,133.61,297.08,133.51
21.55,31.14,4.61,7.99,44.49,145.62,164.37,252.68,133.61,297.17,133.51
21.6,31.11,3.87,7.24,44.14,146.05,164.46,253.12,133.61,297.26,133.51
21.65,31.08,3.14,6.49,43.78,146.48,164.53,253.55,133.61,297.33,133.51
21.700000000000003,31.06,2.41,5.74,43.41,146.91,164.59,253.98,133.61,297.39,133.51
21.75,31.03,1.7,5.0,43.04,147.35,164.65,254.41,133.61,297.45,133.51
21.8,31.94,0.59,4.23,42.6,147.78,164.65,254.85,133.61,297.45,133.51
21.85,32.92,0.82,3.55,42.15,148.24,164.66,255.3,133.62,297.45,133.51
21.9,33.71,0.91,2.95,41.69,148.7,164.67,255.76,133.62,297.45,133.51
21.950000000000003,34.2,0.88,2.43,41.22,149.17,164.68,256.24,133.62,297.46,133.51
22.0,34.25,0.77,1.97,40.75,149.65,164.69,256.71,133.62,297.46,133.51
22.05,33.86,0.62,1.57,40.28,150.12,164.7,257.19,133.62,297.46,133.51
22.1,33.32,0.45,1.23,39.82,150.59,164.71,257.65,133.62,297.47,133.51
22.15,32.82,0.29,0.95,39.36,151.05,164.71,258.11,133.62,297.47,133.51
22.200000000000003,32.35,0.16,0.72,38.91,151.5,164.71,258.56,133.62,297.47,133.51
22.25,31.91,0.06,0.56,38.47,151.94,164.71,259.01,133.62,297.48,133.51
22.3,31.56,0.07,0.5,38.03,152.38,164.72,259.45,133.62,297.48,133.51
22.35,31.32,0.11,0.43,37.59,152.82,164.72,259.88,133.62,297.48,133.51
22.4,31.21,0.14,0.36,37.16,153.25,164.72,260.32,133.62,297.48,133.51
22.450000000000003,31.21,0.14,0.28,36.73,153.69,164.72,260.75,133.62,297.48,133.51
22.5,31.27,0.13,0.22,36.29,154.12,164.73,261.18,133.62,297.48,133.51
22.55,31.35,0.11,0.17,35.86,154.55,164.73,261.62,133.62,297.48,133.51
22.6,31.4,0.08,0.13,35.42,154.99,164.73,262.06,133.62,297.48,133.51
22.65,31.39,0.06,0.11,34.99,155.43,164.73,262.49,133.62,297.48,133.51
22.700000000000003,31.31,0.03,0.09,34.55,155.86,164.73,262.93,133.62,297.48,133.51
22.75,31.15,0.01,0.09,34.12,156.3,164.73,263.36,133.62,297.48,133.51
22.8,30.94,0.01,0.08,33.68,156.73,164.73,263.79,133.62,297.48,133.51
22.85,30.7,0.01,0.07,33.26,157.15,164.73,264.22,133.62,297.48,133.51
22.9,30.45,0.02,0.06,32.83,157.58,164.73,264.64,133.62,297.48,133.51
22.950000000000003,30.19,0.02,0.05,32.41,158.0,164.73,265.07,133.62,297.48,133.51
23.0,29.95,0.0,0.04,31.99,158.42,164.73,265.48,133.62,297.48,133.51
23.05,29.77,0.0,0.02,31.58,158.83,164.73,265.9,133.62,297.48,133.51
23.1,29.61,0.0,0.02,31.17,159.24,164.73,266.31,133.62,297.48,133.51
23.15,29.45,0.0,0.01,30.76,159.65,164.73,266.72,133.62,297.48,133.51
23.200000000000003,29.29,0.0,0.01,30.35,160.06,164.73,267.13,133.62,297.48,133.51
23.25,29.11,0.0,0.01,29.95,160.47,164.73,267.53,133.62,297.48,133.51
23.3,29.03,0.0,0.01,29.54,160.87,164.73,267.93,133.62,297.48,133.51
23.35,29.01,0.0,0.0,29.14,161.27,164.73,268.34,133.62,297.48,133.51
23.4,28.98,0.0,0.0,28.74,161.68,164.73,268.74,133.62,297.48,133.51
23.450000000000003,28.96,0.0,0.0,28.33,162.08,164.73,269.14,133.62,297.48,133.51
23.5,28.93,0.0,0.0,27.93,162.48,164.73,269.55,133.62,297.48,133.51
23.55,28.91,0.0,0.0,27.53,162.88,164.73,269.95,133.62,297.48,133.51
23.6,28.89,0.0,0.0,27.13,163.28,164.73,270.35,133.62,297.48,133.51
23.65,28.86,0.0,0.0,26.73,163.68,164.73,270.75,133.62,297.48,133.51
23.700000000000003,28.84,0.0,0.0,26.33,164.08,164.73,271.15,133.62,297.48,133.51
23.75,28.81,0.0,0.0,25.93,164.48,164.73,271.55,133.62,297.48,133.51
23.8,28.04,0.0,0.0,25.53,164.88,164.73,271.95,133.62,297.48,133.51
23.85,26.53,0.0,0.0,25.15,165.26,164.73,272.32,133.62,297.48,133.51
23.9,25.23,0.0,0.0,24.8,165.61,164.73,272.68,133.62,297.48,133.51
23.950000000000003,23.96,0.0,0.0,24.46,165.95,164.73,273.02,133.62,297.48,133.51
24.0,22.72,0.0,0.0,24.14,166.28,164.73,273.34,133.62,297.48,133.51
24.05,21.61,0.0,0.0,23.83,166.58,164.73,273.65,133.62,297.48,133.51
24.1,20.72,0.0,0.0,23.54,166.87,164.73,273.94,133.62,297.48,133.51
24.15,20.12,0.0,0.0,23.26,167.16,164.73,274.22,133.62,297.48,133.51
24.200000000000003,19.85,0.0,0.0,22.98,167.43,164.73,274.5,133.62,297.48,133.51
24.25,19.87,0.0,0.0,22.7,167.71,164.73,274.77,133.62,297.48,133.51
24.3,20.04,0.0,0.0,22.42,167.99,164.73,275.05,133.62,297.48,133.51
24.35,20.23,0.0,0.0,22.14,168.27,164.73,275.33,133.62,297.48,133.51
24.4,20.31,0.0,0.0,21.86,168.55,164.73,275.61,133.62,297.48,133.51
24.450000000000003,20.19,0.0,0.0,21.58,168.83,164.73,275.9,133.62,297.48,133.51
24.5,19.8,0.0,0.0,21.3,169.11,164.73,276.17,133.62,297.48,133.51
24.55,19.19,0.0,0.0,21.03,169.38,164.73,276.44,133.62,297.48,133.51
24.6,18.5,0.0,0.0,20.77,169.64,164.73,276.7,133.62,297.48,133.51
24.65,17.79,0.0,0.0,20.52,169.89,164.73,276.95,133.62,297.48,133.51
24.700000000000003,17.09,0.0,0.0,20.28,170.13,164.73,277.2,133.62,297.48,133.51
24.75,16.43,0.0,0.0,20.05,170.36,164.73,277.43,133.62,297.48,133.51
24.8,15.86,0.0,0.0,19.83,170.59,164.73,277.65,133.62,297.48,133.51
24.85,15.45,0.0,0.0,19.61,170.8,164.73,277.87,133.62,297.48,133.51
24.9,15.21,0.0,0.0,19.4,171.01,164.73,278.08,133.62,297.48,133.51
24.950000000000003,15.12,0.0,0.0,19.19,171.23,164.73,278.29,133.62,297.48,133.51
25.0,15.13,0.0,0.0,18.98,171.44,164.73,278.5,133.62,297.48,133.51
25.05,15.18,0.0,0.0,18.76,171.65,164.73,278.71,133.62,297.48,133.51
25.1,15.19,0.0,0.0,18.55,171.86,164.73,278.92,133.62,297.48,133.51
25.15,15.12,0.0,0.0,18.34,172.07,164.73,279.13,133.62,297.48,133.51
25.200000000000003,14.97,0.0,0.0,18.13,172.28,164.73,279.34,133.62,297.48,133.51
25.25,14.75,0.0,0.0,17.93,172.48,164.73,279.55,133.63,297.48,133.51
25.3,14.47,0.0,0.0,17.73,172.69,164.73,279.75,133.63,297.48,133.51
25.35,14.17,0.0,0.0,17.53,172.88,164.73,279.95,133.63,297.48,133.51
25.4,13.89,0.0,0.0,17.33,173.08,164.73,280.14,133.63,297.48,133.51
25.450000000000003,13.67,0.0,0.0,17.14,173.27,164.73,280.33,133.63,297.48,133.51
25.5,13.54,0.0,0.0,16.95,173.46,164.73,280.52,133.63,297.48,133.51
25.55,13.48,0.0,0.0,16.77,173.65,164.73,280.71,133.63,297.48,133.51
25.6,13.46,0.0,0.0,16.58,173.83,164.73,280.9,133.63,297.48,133.51
25.65,13.48,0.0,0.0,16.39,174.02,164.73,281.09,133.63,297.48,133.51
25.700000000000003,13.5,0.0,0.0,16.2,174.21,164.73,281.27,133.63,297.48,133.51
25.75,13.51,0.0,0.0,16.02,174.4,164.73,281.46,133.63,297.48,133.51
25.8,13.5,0.0,0.0,15.83,174.58,164.73,281.65,133.63,297.48,133.51
25.85,13.46,0.0,0.0,15.64,174.77,164.73,281.84,133.63,297.48,133.51
25.9,13.4,0.0,0.0,15.45,174.96,164.73,282.02,133.63,297.48,133.51
25.950000000000003,13.31,0.0,0.0,15.27,175.14,164.73,282.21,133.63,297.48,133.51
26.0,13.19,0.0,0.0,15.08,175.33,164.73,282.39,133.63,297.48,133.51
26.05,13.06,0.0,0.0,14.9,175.51,164.73,282.57,133.63,297.48,133.51
26.1,12.91,0.0,0.0,14.72,175.69,164.73,282.75,133.63,297.48,133.51
26.15,12.77,0.0,0.0,14.54,175.87,164.73,282.93,133.63,297.48,133.51
26.200000000000003,12.63,0.0,0.0,14.37,176.04,164.73,283.11,133.63,297.48,133.51
26.25,12.51,0.0,0.0,14.19,176.22,164.73,283.28,133.63,297.48,133.51
26.3,12.41,0.0,0.0,14.02,176.39,164.73,283.45,133.63,297.48,133.51
26.35,12.33,0.0,0.0,13.85,176.56,164.73,283.63,133.63,297.48,133.51
26.4,12.26,0.0,0.0,13.68,176.73,164.73,283.8,133.63,297.48,133.51
26.450000000000003,12.16,0.0,0.0,13.51,176.9,164.73,283.97,133.63,297.48,133.51
26.5,12.03,0.0,0.0,13.34,177.07,164.73,284.14,133.63,297.48,133.51
26.55,11.88,0.0,0.0,13.18,177.24,164.73,284.3,133.63,297.48,133.51
26.6,11.72,0.0,0.0,13.01,177.4,164.73,284.46,133.63,297.48,133.51
26.65,11.56,0.0,0.0,12.85,177.56,164.73,284.63,133.63,297.48,133.51
26.700000000000003,11.39,0.0,0.0,12.69,177.72,164.73,284.79,133.63,297.48,133.51
26.75,11.26,0.0,0.0,12.53,177.88,164.73,284.94,133.63,297.48,133.51
26.8,11.13,0.0,0.0,12.38,178.03,164.73,285.1,133.63,297.48,133.51
26.85,10.99,0.0,0.0,12.23,178.19,164.73,285.25,133.63,297.48,133.51
26.9,10.8,0.0,0.0,12.07,178.34,164.73,285.4,133.63,297.48,133.51
26.950000000000003,10.59,0.0,0.0,11.93,178.48,164.73,285.55,133.63,297.48,133.51
27.0,10.38,0.0,0.0,11.78,178.63,164.73,285.7,133.63,297.48,133.51
27.05,10.18,0.0,0.0,11.64,178.77,164.73,285.84,133.63,297.48,133.51
27.1,10.01,0.0,0.0,11.5,178.91,164.73,285.98,133.63,297.48,133.51
27.15,9.83,0.0,0.0,11.36,179.05,164.73,286.11,133.63,297.48,133.51
27.200000000000003,9.65,0.0,0.0,11.23,179.18,164.73,286.25,133.63,297.48,133.51
27.25,9.49,0.0,0.0,11.09,179.32,164.73,286.38,133.63,297.48,133.51
27.3,9.33,0.0,0.0,10.96,179.45,164.73,286.51,133.63,297.48,133.51
27.35,9.16,0.0,0.0,10.83,179.58,164.73,286.64,133.63,297.48,133.51
27.4,8.96,0.0,0.0,10.71,179.7,164.73,286.77,133.63,297.48,133.51
27.450000000000003,8.76,0.0,0.0,10.59,179.82,164.73,286.89,133.63,297.48,133.51
27.5,8.54,0.0,0.0,10.47,179.94,164.73,287.01,133.63,297.48,133.51
27.55,8.35,0.0,0.0,10.35,180.06,164.73,287.13,133.63,297.48,133.51
27.6,8.17,0.0,0.0,10.24,180.18,164.73,287.24,133.63,297.48,133.51
27.65,7.94,0.0,0.0,10.12,180.29,164.73,287.35,133.63,297.48,133.51
27.700000000000003,7.67,0.0,0.0,10.02,180.4,164.73,287.46,133.63,297.48,133.51
27.75,7.37,0.0,0.0,9.91,180.5,164.73,287.57,133.63,297.48,133.51
27.8,7.07,0.0,0.0,9.81,180.6,164.73,287.67,133.63,297.48,133.51
27.85,6.81,0.0,0.0,9.72,180.7,164.73,287.76,133.63,297.48,133.51
27.9,6.58,0.0,0.0,9.62,180.79,164.73,287.85,133.63,297.48,133.51
27.950000000000003,6.35,0.0,0.0,9.53,180.88,164.73,287.94,133.63,297.48,133.51
28.0,6.11,0.0,0.0,9.45,180.96,164.73,288.03,133.63,297.48,133.51
28.05,5.86,0.0,0.0,9.36,181.05,164.73,288.11,133.63,297.48,133.51
28.1,5.62,0.0,0.0,9.29,181.13,164.73,288.19,133.63,297.48,133.51
28.15,5.39,0.0,0.0,9.21,181.2,164.73,288.27,133.63,297.48,133.51
28.200000000000003,5.04,0.0,0.0,9.14,181.27,164.73,288.34,133.63,297.48,133.51
28.25,4.7,0.0,0.0,9.07,181.34,164.73,288.41,133.63,297.48,133.51
28.3,4.23,0.0,0.0,9.01,181.4,164.73,288.47,133.63,297.48,133.51
28.35,3.57,0.0,0.0,8.96,181.46,164.73,288.52,133.63,297.48,133.51
28.4,1.03,0.0,0.0,8.93,181.49,164.73,288.55,133.63,297.48,133.51
28.450000000000003,0.01,0.0,0.0,8.92,181.49,164.73,288.55,133.63,297.48,133.51
28.5,0.0,0.0,0.0,8.92,181.49,164.73,288.55,133.63,297.48,133.51
28.55,0.0,0.0,0.0,8.92,181.49,164.73,288.55,133.63,297.48,133.51
28.6,0.0,0.0,0.0,8.92,181.49,164.73,288.55,133.63,297.48,133.51
28.65,0.0,0.0,0.0,8.92,181.49,164.73,288.55,133.63,297.48,133.51
28.700000000000003,0.0,0.0,0.0,8.92,181.49,164.73,288.55,133.63,297.48,133.51
28.75,0.0,0.0,0.0,8.92,181.49,164.73,288.55,133.63,297.48,133.51
28.8,0.0,0.0,0.0,8.92,181.49,164.73,288.55,133.63,297.48,133.51
28.85,0.0,0.0,0.0,8.92,181.49,164.73,288.55,133.63,297.48,133.51
28.9,0.0,0.0,0.0,8.92,181.49,164.73,288.55,133.63,297.48,133.51
28.950000000000003,0.0,0.0,0.0,8.92,181.49,164.73,288.55,133.63,297.48,133.51
29.0,0.0,0.0,0.0,8.92,181.49,164.73,288.55,133.63,297.48,133.51
29.05,0.0,0.0,0.0,8.92,181.49,164.73,288.55,133.63,297.48,133.51
29.1,0.0,0.0,0.0,8.92,181.49,164.73,288.55,133.63,297.48,133.51
29.15,0.0,0.0,0.0,8.92,181.49,164.73,288.55,133.63,297.48,133.51
29.200000000000003,0.0,0.0,0.0,8.92,181.49,164.73,288.55,133.63,297.48,133.51
29.25,0.0,0.0,0.0,8.92,181.49,164.73,288.55,133.63,297.48,133.51
29.3,0.0,0.0,0.0,8.92,181.49,164.73,288.55,133.63,297.48,133.51
29.35,0.0,0.0,0.0,8.92,181.49,164.73,288.55,133.63,297.48,133.51
29.4,0.0,0.0,0.0,8.92,181.49,164.73,288.55,133.63,297.48,133.51
29.450000000000003,0.0,0.0,0.0,8.92,181.49,164.73,288.55,133.63,297.48,133.51
29.5,0.0,0.0,0.0,8.92,181.49,164.73,288.55,133.63,297.48,133.51
29.55,0.0,0.0,0.0,8.92,181.49,164.73,288.55,133.63,297.48,133.51
29.6,0.0,0.0,0.0,8.92,181.49,164.73,288.55,133.63,297.48,133.51
29.65,0.0,0.0,0.0,8.92,181.49,164.73,288.55,133.63,297.48,133.51
29.700000000000003,0.0,0.0,0.0,8.92,181.49,164.73,288.55,133.63,297.48,133.51
29.75,0.0,0.0,0.0,8.92,181.49,164.73,288.55,133.63,297.48,133.51
29.8,0.0,0.0,0.0,8.92,181.49,164.73,288.55,133.63,297.48,133.51
29.85,0.0,0.0,0.0,8.92,181.49,164.73,288.55,133.63,297.48,133.51
29.9,0.0,0.0,0.0,8.92,181.49,164.73,288.55,133.63,297.48,133.51
29.950000000000003,0.0,0.0,0.0,8.92,181.49,164.73,288.55,133.63,297.48,133.51
30.0,0.0,0.0,0.0,8.92,181.49,164.73,288.55,133.63,297.48,133.51
30.05,0.0,0.0,0.0,8.92,181.49,164.73,288.55,133.63,297.48,133.51
30.1,0.0,0.0,0.0,8.92,181.49,164.73,288.55,133.63,297.48,133.51
30.15,0.0,0.0,0.0,8.92,181.49,164.73,288.55,133.63,297.48,133.51
30.200000000000003,0.0,0.0,0.0,8.92,181.49,164.73,288.55,133.63,297.48,133.51
30.25,0.0,0.0,0.0,8.92,181.49,164.73,288.55,133.63,297.48,133.51
30.3,0.0,0.0,0.0,8.92,181.49,164.73,288.55,133.63,297.48,133.51
30.35,0.0,0.0,0.0,8.92,181.49,164.73,288.55,133.63,297.48,133.51
30.4,0.0,0.0,0.0,8.92,181.49,164.73,288.55,133.63,297.48,133.51
30.450000000000003,0.0,0.0,0.0,8.92,181.49,164.73,288.55,133.63,297.48,133.51
30.5,0.0,0.0,0.0,8.92,181.49,164.73,288.55,133.63,297.48,133.51
30.55,0.0,0.0,0.0,8.92,181.49,164.73,288.55,133.63,297.48,133.51
30.6,0.0,0.0,0.0,8.92,181.49,164.73,288.55,133.63,297.48,133.51
30.65,0.0,0.0,0.0,8.92,181.49,164.73,288.55,133.63,297.48,133.51
30.700000000000003,0.0,0.0,0.0,8.92,181.49,164.73,288.55,133.63,297.48,133.51
30.75,0.0,0.0,0.0,8.92,181.49,164.73,288.55,133.63,297.48,133.51
30.8,0.0,0.0,0.0,8.92,181.49,164.73,288.55,133.63,297.48,133.51
30.85,0.0,0.0,0.0,8.92,181.49,164.73,288.55,133.63,297.48,133.51
30.9,0.0,0.0,0.0,8.92,181.49,164.73,288.55,133.63,297.48,133.51
30.950000000000003,0.0,0.0,0.0,8.92,181.49,164.73,288.55,133.63,297.48,133.51
31.0,0.0,0.0,0.0,8.92,181.49,164.73,288.55,133.63,297.48,133.51
31.05,0.0,0.0,0.0,8.92,181.49,164.73,288.55,133.63,297.48,133.51
31.1,0.0,0.0,0.0,8.92,181.49,164.73,288.55,133.63,297.48,133.51
31.15,0.0,0.0,0.0,8.92,181.49,164.73,288.55,133.63,297.48,133.51
31.200000000000003,0.0,0.0,0.0,8.92,181.49,164.73,288.55,133.63,297.48,133.51
31.25,0.0,0.0,0.0,8.92,181.49,164.73,288.55,133.63,297.48,133.51
31.3,0.0,0.0,0.0,8.92,181.49,164.73,288.55,133.63,297.48,133.51
31.35,0.0,0.0,0.0,8.92,181.49,164.73,288.55,133.63,297.48,133.51
31.4,0.0,0.0,0.0,8.92,181.49,164.73,288.55,133.63,297.48,133.51
31.450000000000003,0.0,0.0,0.0,8.92,181.49,164.73,288.55,133.63,297.48,133.51
31.5,0.0,0.0,0.0,8.92,181.49,164.73,288.55,133.63,297.48,133.51
31.55,0.0,0.0,0.0,8.92,181.49,164.73,288.55,133.63,297.48,133.51
31.6,0.0,0.0,0.0,8.92,181.49,164.73,288.55,133.63,297.48,133.51
31.65,0.0,0.0,0.0,8.92,181.49,164.73,288.55,133.63,297.48,133.51
31.700000000000003,0.0,0.0,0.0,8.92,181.49,164.73,288.55,133.63,297.48,133.51
31.75,0.0,0.0,0.0,8.92,181.49,164.73,288.55,133.63,297.48,133.51
31.8,0.0,0.0,0.0,8.92,181.49,164.73,288.55,133.63,297.48,133.51
31.85,0.0,0.0,0.0,8.92,181.49,164.73,288.55,133.63,297.48,133.51
31.9,0.0,0.0,0.0,8.92,181.49,164.73,288.55,133.63,297.48,133.51
31.950000000000003,0.0,0.0,0.0,8.92,181.49,164.73,288.55,133.63,297.48,133.51
32.0,0.0,0.0,0.0,8.92,181.49,164.73,288.55,133.63,297.48,133.51
32.050000000000004,0.0,0.0,0.0,8.92,181.49,164.73,288.55,133.63,297.48,133.51
32.1,0.0,0.0,0.0,8.92,181.49,164.73,288.55,133.63,297.48,133.51
32.15,0.0,0.0,0.0,8.92,181.49,164.73,288.55,133.63,297.48,133.51
32.2,0.0,0.0,0.0,8.92,181.49,164.73,288.55,133.63,297.48,133.51
32.25,0.0,0.0,0.0,8.92,181.49,164.73,288.55,133.63,297.48,133.51
32.300000000000004,0.0,0.0,0.0,8.92,181.49,164.73,288.55,133.63,297.48,133.51
32.35,0.0,0.0,0.0,8.92,181.49,164.73,288.55,133.63,297.48,133.51
32.4,0.0,0.0,0.0,8.92,181.49,164.73,288.55,133.63,297.48,133.51
32.45,0.0,0.0,0.0,8.92,181.49,164.73,288.55,133.63,297.48,133.51
32.5,0.0,0.0,0.0,8.92,181.49,164.73,288.55,133.63,297.48,133.51
32.550000000000004,0.0,0.0,0.0,8.92,181.49,164.73,288.55,133.63,297.48,133.51
32.6,0.0,0.0,0.0,8.92,181.49,164.73,288.55,133.63,297.48,133.51
32.65,0.0,0.0,0.0,8.92,181.49,164.73,288.55,133.63,297.48,133.51
32.7,0.0,0.0,0.0,8.92,181.49,164.73,288.55,133.63,297.48,133.51
32.75,0.0,0.0,0.0,8.92,181.49,164.73,288.55,133.63,297.48,133.51
32.800000000000004,0.0,0.0,0.0,8.92,181.49,164.73,288.55,133.63,297.48,133.51
32.85,0.0,0.0,0.0,8.92,181.49,164.73,288.55,133.63,297.48,133.51
32.9,0.0,0.0,0.0,8.92,181.49,164.73,288.55,133.63,297.48,133.51
32.95,0.0,0.0,0.0,8.92,181.49,164.73,288.55,133.63,297.48,133.51
33.0,0.0,0.0,0.0,8.92,181.49,164.73,288.55,133.63,297.48,133.51
33.050000000000004,0.0,0.0,0.0,8.92,181.49,164.73,288.55,133.63,297.48,133.51
33.1,0.0,0.0,0.0,8.92,181.49,164.73,288.55,133.63,297.48,133.51
33.15,0.0,0.0,0.0,8.92,181.49,164.73,288.55,133.63,297.48,133.51
33.2,0.0,0.0,0.0,8.92,181.49,164.73,288.55,133.63,297.48,133.51
33.25,0.0,0.0,0.0,8.92,181.49,164.73,288.55,133.63,297.48,133.51
33.300000000000004,0.0,0.0,0.0,8.92,181.49,164.73,288.55,133.63,297.48,133.51
33.35,0.0,0.0,0.0,8.92,181.49,164.73,288.55,133.63,297.48,133.51
33.4,0.0,0.0,0.0,8.92,181.49,164.73,288.55,133.63,297.48,133.51
33.45,0.0,0.0,0.0,8.92,181.49,164.73,288.55,133.63,297.48,133.51
33.5,0.0,0.0,0.0,8.92,181.49,164.73,288.55,133.63,297.48,133.51
33.550000000000004,0.0,0.0,0.0,8.92,181.49,164.73,288.55,133.63,297.48,133.51
33.6,0.0,0.0,0.0,8.92,181.49,164.73,288.55,133.63,297.48,133.51
33.65,0.0,0.0,0.0,8.92,181.49,164.73,288.55,133.63,297.48,133.51
33.7,0.0,0.0,0.0,8.92,181.49,164.73,288.55,133.63,297.48,133.51
33.75,0.0,0.0,0.0,8.92,181.49,164.73,288.55,133.63,297.48,133.51
33.800000000000004,0.0,0.0,0.0,8.92,181.49,164.73,288.55,133.63,297.48,133.51
33.85,0.0,0.0,0.0,8.92,181.49,164.73,288.55,133.63,297.48,133.51
33.9,0.0,0.0,0.0,8.92,181.49,164.73,288.55,133.63,297.48,133.51
33.95,0.0,0.0,0.0,8.92,181.49,164.73,288.55,133.63,297.48,133.51
34.0,0.0,0.0,0.0,8.92,181.49,164.73,288.55,133.63,297.48,133.51
34.050000000000004,0.0,0.0,0.0,8.92,181.49,164.73,288.55,133.63,297.48,133.51
34.1,0.0,0.0,0.0,8.92,181.49,164.73,288.55,133.63,297.48,133.51
34.15,0.0,0.0,0.0,8.92,181.49,164.73,288.55,133.63,297.48,133.51
34.2,0.0,0.0,0.0,8.92,181.49,164.73,288.55,133.63,297.48,133.51
34.25,0.0,0.0,0.0,8.92,181.49,164.73,288.55,133.63,297.48,133.51
34.300000000000004,0.0,0.0,0.0,8.92,181.49,164.73,288.55,133.63,297.48,133.51
34.35,0.0,0.0,0.0,8.92,181.49,164.73,288.55,133.63,297.48,133.51
34.4,0.0,0.0,0.0,8.92,181.49,164.73,288.55,133.63,297.48,133.51
34.45,0.0,0.0,0.0,8.92,181.49,164.73,288.55,133.63,297.48,133.51
34.5,0.0,0.0,0.0,8.92,181.49,164.73,288.55,133.63,297.48,133.51
34.550000000000004,0.0,0.0,0.0,8.92,181.49,164.73,288.55,133.63,297.48,133.51
34.6,0.0,0.0,0.0,8.92,181.49,164.73,288.55,133.63,297.48,133.51
34.65,0.0,0.0,0.0,8.92,181.49,164.73,288.55,133.63,297.48,133.51
34.7,0.0,0.0,0.0,8.92,181.49,164.73,288.55,133.63,297.48,133.51
34.75,0.0,0.0,0.0,8.92,181.49,164.73,288.55,133.63,297.48,133.51
34.800000000000004,0.0,0.0,0.0,8.92,181.49,164.73,288.55,133.63,297.48,133.51
34.85,0.0,0.0,0.0,8.92,181.49,164.73,288.55,133.63,297.48,133.51
34.9,0.0,0.0,0.0,8.92,181.49,164.73,288.55,133.63,297.48,133.51
34.95,0.0,0.0,0.0,8.92,181.49,164.73,288.55,133.63,297.48,133.51
35.0,0.0,0.0,0.0,8.92,181.49,164.73,288.55,133.63,297.48,133.51
35.050000000000004,0.0,0.0,0.0,8.92,181.49,164.73,288.55,133.63,297.48,133.51
35.1,0.0,0.0,0.0,8.92,181.49,164.73,288.55,133.63,297.48,133.51
35.15,0.0,0.0,0.0,8.92,181.49,164.73,288.55,133.63,297.48,133.51
35.2,0.0,0.0,0.0,8.92,181.49,164.73,288.55,133.63,297.48,133.51
35.25,0.0,0.0,0.0,8.92,181.49,164.73,288.55,133.63,297.48,133.51
35.300000000000004,0.0,0.0,0.0,8.92,181.49,164.73,288.55,133.63,297.48,133.51
35.35,0.0,0.0,0.0,8.92,181.49,164.73,288.55,133.63,297.48,133.51
35.4,0.0,0.0,0.0,8.92,181.49,164.73,288.55,133.63,297.48,133.51
35.45,0.0,0.0,0.0,8.92,181.49,164.73,288.55,133.63,297.48,133.51
35.5,0.0,0.0,0.0,8.92,181.49,164.73,288.55,133.63,297.48,133.51
35.550000000000004,0.0,0.0,0.0,8.92,181.49,164.73,288.55,133.63,297.48,133.51
35.6,0.0,0.0,0.0,8.92,181.49,164.73,288.55,133.63,297.48,133.51
35.65,0.0,0.0,0.0,8.92,181.49,164.73,288.55,133.63,297.48,133.51
35.7,0.0,0.0,0.0,8.92,181.49,164.73,288.55,133.63,297.48,133.51
35.75,0.0,0.0,0.0,8.92,181.49,164.73,288.55,133.63,297.48,133.51
35.800000000000004,0.0,0.0,0.0,8.92,181.49,164.73,288.55,133.63,297.48,133.51
35.85,0.0,0.0,0.0,8.92,181.49,164.73,288.55,133.63,297.48,133.51
35.9,0.0,0.0,0.0,8.92,181.49,164.73,288.55,133.63,297.48,133.51
35.95,0.0,0.0,0.0,8.92,181.49,164.73,288.55,133.63,297.48,133.51
36.0,0.0,0.0,0.0,8.92,181.49,164.73,288.55,133.63,297.48,133.51
36.05,0.0,0.0,0.0,8.92,181.49,164.73,288.55,133.63,297.48,133.51
36.1,0.0,0.0,0.0,8.92,181.49,164.73,288.55,133.63,297.48,133.51
36.15,0.0,0.0,0.0,8.92,181.49,164.73,288.55,133.63,297.48,133.51
36.2,0.0,0.0,0.0,8.92,181.49,164.73,288.55,133.63,297.48,133.51
36.25,0.0,0.0,0.0,8.92,181.49,164.73,288.55,133.63,297.48,133.51
36.3,0.0,0.0,0.0,8.92,181.49,164.73,288.55,133.63,297.48,133.51
36.35,0.0,0.0,0.0,8.92,181.49,164.73,288.55,133.63,297.48,133.51
36.4,0.0,0.0,0.0,8.92,181.49,164.73,288.55,133.63,297.48,133.51
36.45,0.0,0.0,0.0,8.92,181.49,164.73,288.55,133.63,297.48,133.51
36.5,0.0,0.0,0.0,8.92,181.49,164.73,288.55,133.63,297.48,133.51
36.55,0.0,0.0,0.0,8.92,181.49,164.73,288.55,133.63,297.48,133.51
36.6,0.0,0.0,0.0,8.92,181.49,164.73,288.55,133.63,297.48,133.51
36.65,0.0,0.0,0.0,8.92,181.49,164.73,288.55,133.63,297.48,133.51
36.7,0.0,0.0,0.0,8.92,181.49,164.73,288.55,133.63,297.48,133.51
36.75,0.0,0.0,0.0,8.92,181.49,164.73,288.55,133.63,297.48,133.51
36.8,0.0,0.0,0.0,8.92,181.49,164.73,288.55,133.63,297.48,133.51
36.85,0.0,0.0,0.0,8.92,181.49,164.73,288.55,133.63,297.48,133.51
36.9,0.0,0.0,0.0,8.92,181.49,164.73,288.55,133.63,297.48,133.51
36.95,0.0,0.0,0.0,8.92,181.49,164.73,288.55,133.63,297.48,133.51
37.0,0.0,0.0,0.0,8.92,181.49,164.73,288.55,133.63,297.48,133.51
37.05,0.0,0.0,0.0,8.92,181.49,164.73,288.55,133.63,297.48,133.51
37.1,0.0,0.0,0.0,8.92,181.49,164.73,288.55,133.63,297.48,133.51
37.15,0.0,0.0,0.0,8.92,181.49,164.73,288.55,133.63,297.48,133.51
37.2,0.0,0.0,0.0,8.92,181.49,164.73,288.55,133.63,297.48,133.51
37.25,0.0,0.0,0.0,8.92,181.49,164.73,288.55,133.63,297.48,133.51
37.3,0.0,0.0,0.0,8.92,181.49,164.73,288.55,133.63,297.48,133.51
37.35,0.0,0.0,0.0,8.92,181.49,164.73,288.55,133.63,297.48,133.51
37.4,0.0,0.0,0.0,8.92,181.49,164.73,288.55,133.63,297.48,133.51
37.45,0.0,0.0,0.0,8.92,181.49,164.73,288.55,133.63,297.48,133.51
37.5,0.0,0.0,0.0,8.92,181.49,164.73,288.55,133.63,297.48,133.51
37.55,0.0,0.0,0.0,8.92,181.49,164.73,288.55,133.63,297.48,133.51
37.6,0.0,0.0,0.0,8.92,181.49,164.73,288.55,133.63,297.48,133.51
37.65,0.0,0.0,0.0,8.92,181.49,164.73,288.55,133.63,297.48,133.51
37.7,0.0,0.0,0.0,8.92,181.49,164.73,288.55,133.63,297.48,133.51
37.75,0.0,0.0,0.0,8.92,181.49,164.73,288.55,133.63,297.48,133.51
37.8,0.0,0.0,0.0,8.92,181.49,164.73,288.55,133.63,297.48,133.51
37.85,0.0,0.0,0.0,8.92,181.49,164.73,288.55,133.63,297.48,133.51
37.9,0.0,0.0,0.0,8.92,181.49,164.73,288.55,133.63,297.48,133.51
37.95,0.0,0.0,0.0,8.92,181.49,164.73,288.55,133.63,297.48,133.51
38.0,0.0,0.0,0.0,8.92,181.49,164.73,288.55,133.63,297.48,133.51
38.05,0.0,0.0,0.0,8.92,181.49,164.73,288.55,133.63,297.48,133.51
38.1,0.0,0.0,0.0,8.92,181.49,164.73,288.55,133.63,297.48,133.51
38.15,0.0,0.0,0.0,8.92,181.49,164.73,288.55,133.63,297.48,133.51
38.2,0.0,0.0,0.0,8.92,181.49,164.73,288.55,133.63,297.48,133.51
38.25,0.0,0.0,0.0,8.92,181.49,164.73,288.55,133.63,297.48,133.51
38.3,0.0,0.0,0.0,8.92,181.49,164.73,288.55,133.63,297.48,133.51
38.35,0.0,0.0,0.0,8.92,181.49,164.73,288.55,133.63,297.48,133.51
38.400000000000006,0.0,0.0,0.0,8.92,181.49,164.73,288.55,133.63,297.48,133.51
38.45,0.0,0.0,0.0,8.92,181.49,164.73,288.55,133.63,297.48,133.51
38.5,0.0,0.0,0.0,8.92,181.49,164.73,288.55,133.63,297.48,133.51
38.55,0.0,0.0,0.0,8.92,181.49,164.73,288.55,133.63,297.48,133.51
38.6,0.0,0.0,0.0,8.92,181.49,164.73,288.55,133.63,297.48,133.51
38.650000000000006,0.0,0.0,0.0,8.92,181.49,164.73,288.55,133.63,297.48,133.51
38.7,0.0,0.0,0.0,8.92,181.49,164.73,288.55,133.63,297.48,133.51
38.75,0.0,0.0,0.0,8.92,181.49,164.73,288.55,133.63,297.48,133.51
38.8,0.0,0.0,0.0,8.92,181.49,164.73,288.55,133.63,297.48,133.51
38.85,0.0,0.0,0.0,8.92,181.49,164.73,288.55,133.63,297.48,133.51
38.900000000000006,0.0,0.0,0.0,8.92,181.49,164.73,288.55,133.63,297.48,133.51
38.95,0.0,0.0,0.0,8.92,181.49,164.73,288.55,133.63,297.48,133.51
39.0,0.0,0.0,0.0,8.92,181.49,164.73,288.55,133.63,297.48,133.51
39.05,0.0,0.0,0.0,8.92,181.49,164.73,288.55,133.63,297.48,133.51
39.1,0.0,0.0,0.0,8.92,181.49,164.73,288.55,133.63,297.48,133.51
39.150000000000006,0.0,0.0,0.0,8.92,181.49,164.73,288.55,133.63,297.48,133.51
39.2,0.0,0.0,0.0,8.92,181.49,164.73,288.55,133.63,297.48,133.51
39.25,0.0,0.0,0.0,8.92,181.49,164.73,288.55,133.63,297.48,133.51
39.3,0.0,0.0,0.0,8.92,181.49,164.73,288.55,133.63,297.48,133.51
39.35,0.0,0.0,0.0,8.92,181.49,164.73,288.55,133.63,297.48,133.51
39.400000000000006,0.0,0.0,0.0,8.92,181.49,164.73,288.55,133.63,297.48,133.51
39.45,0.0,0.0,0.0,8.92,181.49,164.73,288.55,133.63,297.48,133.51
39.5,0.0,0.0,0.0,8.92,181.49,164.73,288.55,133.63,297.48,133.51
39.55,0.0,0.0,0.0,8.92,181.49,164.73,288.55,133.63,297.48,133.51
39.6,0.0,0.0,0.0,8.92,181.49,164.73,288.55,133.63,297.48,133.51
39.650000000000006,0.0,0.0,0.0,8.92,181.49,164.73,288.55,133.63,297.48,133.51
39.7,0.0,0.0,0.0,8.92,181.49,164.73,288.55,133.63,297.48,133.51
39.75,0.0,0.0,0.0,8.92,181.49,164.73,288.55,133.63,297.48,133.51
39.8,0.0,0.0,0.0,8.92,181.49,164.73,288.55,133.63,297.48,133.51
39.85,0.0,0.0,0.0,8.92,181.49,164.73,288.55,133.63,297.48,133.51
39.900000000000006,0.0,0.0,0.0,8.92,181.49,164.73,288.55,133.63,297.48,133.51
39.95,0.0,0.0,0.0,8.92,181.49,164.73,288.55,133.63,297.48,133.51
40.0,0.0,0.0,0.0,8.92,181.49,164.73,288.55,133.63,297.48,133.51
40.05,0.0,0.0,0.0,8.92,181.49,164.73,288.55,133.63,297.48,133.51
40.1,0.0,0.0,0.0,8.92,181.49,164.73,288.55,133.63,297.48,133.51
40.150000000000006,0.0,0.0,0.0,8.92,181.49,164.73,288.55,133.63,297.48,133.51
40.2,0.0,0.0,0.0,8.92,181.49,164.73,288.55,133.63,297.48,133.51
40.25,0.0,0.0,0.0,8.92,181.49,164.73,288.55,133.63,297.48,133.51
40.3,0.0,0.0,0.0,8.92,181.49,164.73,288.55,133.63,297.48,133.51
40.35,0.0,0.0,0.0,8.92,181.49,164.73,288.55,133.63,297.48,133.51
40.400000000000006,0.0,0.0,0.0,8.92,181.49,164.73,288.55,133.63,297.48,133.51
40.45,0.0,0.0,0.0,8.92,181.49,164.73,288.55,133.63,297.48,133.51
40.5,0.0,0.0,0.0,8.92,181.49,164.73,288.55,133.63,297.48,133.51
40.55,0.0,0.0,0.0,8.92,181.49,164.73,288.55,133.63,297.48,133.51
40.6,0.0,0.0,0.0,8.92,181.49,164.73,288.55,133.63,297.48,133.51
40.650000000000006,0.0,0.0,0.0,8.92,181.49,164.73,288.55,133.63,297.48,133.51
40.7,0.0,0.0,0.0,8.92,181.49,164.73,288.55,133.63,297.48,133.51
40.75,0.0,0.0,0.0,8.92,181.49,164.73,288.55,133.63,297.48,133.51
40.8,0.0,0.0,0.0,8.92,181.49,164.73,288.55,133.63,297.48,133.51
40.85,0.0,0.0,0.0,8.92,181.49,164.73,288.55,133.63,297.48,133.51
40.900000000000006,0.0,0.0,0.0,8.92,181.49,164.73,288.55,133.63,297.48,133.51
40.95,0.0,0.0,0.0,8.92,181.49,164.73,288.55,133.63,297.48,133.51
41.0,0.0,0.0,0.0,8.92,181.49,164.73,288.55,133.63,297.48,133.51
41.05,0.0,0.0,0.0,8.92,181.49,164.73,288.55,133.63,297.48,133.51
41.1,0.0,0.0,0.0,8.92,181.49,164.73,288.55,133.63,297.48,133.51
41.150000000000006,0.0,0.0,0.0,8.92,181.49,164.73,288.55,133.63,297.48,133.51
41.2,0.0,0.0,0.0,8.92,181.49,164.73,288.55,133.63,297.48,133.51
41.25,0.0,0.0,0.0,8.92,181.49,164.73,288.55,133.63,297.48,133.51
41.3,0.0,0.0,0.0,8.92,181.49,164.73,288.55,133.63,297.48,133.51
41.35,0.0,0.0,0.0,8.92,181.49,164.73,288.55,133.63,297.48,133.51
41.400000000000006,0.0,0.0,0.0,8.92,181.49,164.73,288.55,133.63,297.48,133.51
41.45,0.0,0.0,0.0,8.92,181.49,164.73,288.55,133.63,297.48,133.51
41.5,0.0,0.0,0.0,8.92,181.49,164.73,288.55,133.63,297.48,133.51
41.55,0.0,0.0,0.0,8.92,181.49,164.73,288.55,133.63,297.48,133.51
41.6,0.0,0.0,0.0,8.92,181.49,164.73,288.55,133.63,297.48,133.51
41.650000000000006,0.0,0.0,0.0,8.92,181.49,164.73,288.55,133.63,297.48,133.51
41.7,0.0,0.0,0.0,8.92,181.49,164.73,288.55,133.63,297.48,133.51
41.75,0.0,0.0,0.0,8.92,181.49,164.73,288.55,133.63,297.48,133.51
41.8,0.0,0.0,0.0,8.92,181.49,164.73,288.55,133.63,297.48,133.51
41.85,0.0,0.0,0.0,8.92,181.49,164.73,288.55,133.63,297.48,133.51
41.900000000000006,0.0,0.0,0.0,8.92,181.49,164.73,288.55,133.63,297.48,133.51
41.95,0.0,0.0,0.0,8.92,181.49,164.73,288.55,133.63,297.48,133.51
42.0,0.0,0.0,0.0,8.92,181.49,164.73,288.55,133.63,297.48,133.51
42.05,0.0,0.0,0.0,8.92,181.49,164.73,288.55,133.63,297.48,133.51
42.1,0.0,0.0,0.0,8.92,181.49,164.73,288.55,133.63,297.48,133.51
42.150000000000006,0.0,0.0,0.0,8.92,181.49,164.73,288.55,133.63,297.48,133.51
42.2,0.0,0.0,0.0,8.92,181.49,164.73,288.55,133.63,297.48,133.51
42.25,0.0,0.0,0.0,8.92,181.49,164.73,288.55,133.63,297.48,133.51
42.3,0.0,0.0,0.0,8.92,181.49,164.73,288.55,133.63,297.48,133.51
42.35,0.0,0.0,0.0,8.92,181.49,164.73,288.55,133.63,297.48,133.51
42.400000000000006,0.0,0.0,0.0,8.92,181.49,164.73,288.55,133.63,297.48,133.51
42.45,0.0,0.0,0.0,8.92,181.49,164.73,288.55,133.63,297.48,133.51
42.5,0.0,0.0,0.0,8.92,181.49,164.73,288.55,133.63,297.48,133.51
42.55,0.0,0.0,0.0,8.92,181.49,164.73,288.55,133.63,297.48,133.51
42.6,0.0,0.0,0.0,8.92,181.49,164.73,288.55,133.63,297.48,133.51
42.650000000000006,0.0,0.0,0.0,8.92,181.49,164.73,288.55,133.63,297.48,133.51
42.7,0.0,0.0,0.0,8.92,181.49,164.73,288.55,133.63,297.48,133.51
42.75,0.0,0.0,0.0,8.92,181.49,164.73,288.55,133.63,297.48,133.51
42.8,0.0,0.0,0.0,8.92,181.49,164.73,288.55,133.63,297.48,133.51
42.85,0.0,0.0,0.0,8.92,181.49,164.73,288.55,133.63,297.48,133.51
42.900000000000006,0.0,0.0,0.0,8.92,181.49,164.73,288.55,133.63,297.48,133.51
42.95,0.0,0.0,0.0,8.92,181.49,164.73,288.55,133.63,297.48,133.51
43.0,0.0,0.0,0.0,8.92,181.49,164.73,288.55,133.63,297.48,133.51
43.05,0.0,0.0,0.0,8.92,181.49,164.73,288.55,133.63,297.48,133.51
43.1,0.0,0.0,0.0,8.92,181.49,164.73,288.55,133.63,297.48,133.51
43.150000000000006,0.0,0.0,0.0,8.92,181.49,164.73,288.55,133.63,297.48,133.51
43.2,0.0,0.0,0.0,8.92,181.49,164.73,288.55,133.63,297.48,133.51
43.25,0.0,0.0,0.0,8.92,181.49,164.73,288.55,133.63,297.48,133.51
43.3,0.0,0.0,0.0,8.92,181.49,164.73,288.55,133.63,297.48,133.51
43.35,0.0,0.0,0.0,8.92,181.49,164.73,288.55,133.63,297.48,133.51
43.400000000000006,0.0,0.0,0.0,8.92,181.49,164.73,288.55,133.63,297.48,133.51
43.45,0.0,0.0,0.0,8.92,181.49,164.73,288.55,133.63,297.48,133.51
43.5,0.0,0.0,0.0,8.92,181.49,164.73,288.55,133.63,297.48,133.51
43.55,0.0,0.0,0.0,8.92,181.49,164.73,288.55,133.63,297.48,133.51
43.6,0.0,0.0,0.0,8.92,181.49,164.73,288.55,133.63,297.48,133.51
43.650000000000006,0.0,0.0,0.0,8.92,181.49,164.73,288.55,133.63,297.48,133.51
43.7,0.0,0.0,0.0,8.92,181.49,164.73,288.55,133.63,297.48,133.51
43.75,0.0,0.0,0.0,8.92,181.49,164.73,288.55,133.63,297.48,133.51
43.8,0.0,0.0,0.0,8.92,181.49,164.73,288.55,133.63,297.48,133.51
43.85,0.0,0.0,0.0,8.92,181.49,164.73,288.55,133.63,297.48,133.51
43.900000000000006,0.0,0.0,0.0,8.92,181.49,164.73,288.55,133.63,297.48,133.51
43.95,0.0,0.0,0.0,8.92,181.49,164.73,288.55,133.63,297.48,133.51
44.0,0.0,0.0,0.0,8.92,181.49,164.73,288.55,133.63,297.48,133.51
44.05,0.0,0.0,0.0,8.92,181.49,164.73,288.55,133.63,297.48,133.51
44.1,0.0,0.0,0.0,8.92,181.49,164.73,288.55,133.63,297.48,133.51
44.150000000000006,0.0,0.0,0.0,8.92,181.49,164.73,288.55,133.63,297.48,133.51
44.2,0.0,0.0,0.0,8.92,181.49,164.73,288.55,133.63,297.48,133.51
44.25,0.0,0.0,0.0,8.92,181.49,164.73,288.55,133.63,297.48,133.51
44.3,0.0,0.0,0.0,8.92,181.49,164.73,288.55,133.63,297.48,133.51
44.35,0.0,0.0,0.0,8.92,181.49,164.73,288.55,133.63,297.48,133.51
44.400000000000006,0.0,0.0,0.0,8.92,181.49,164.73,288.55,133.63,297.48,133.51
44.45,0.0,0.0,0.0,8.92,181.49,164.73,288.55,133.63,297.48,133.51
44.5,0.0,0.0,0.0,8.92,181.49,164.73,288.55,133.63,297.48,133.51
44.55,0.0,0.0,0.0,8.92,181.49,164.73,288.55,133.63,297.48,133.51
44.6,0.0,0.0,0.0,8.92,181.49,164.73,288.55,133.63,297.48,133.51
44.650000000000006,0.0,0.0,0.0,8.92,181.49,164.73,288.55,133.63,297.48,133.51
44.7,0.0,0.0,0.0,8.92,181.49,164.73,288.55,133.63,297.48,133.51
44.75,0.0,0.0,0.0,8.92,181.49,164.73,288.55,133.63,297.48,133.51
44.8,0.0,0.0,0.0,8.92,181.49,164.73,288.55,133.63,297.48,133.51
44.85,0.0,0.0,0.0,8.92,181.49,164.73,288.55,133.63,297.48,133.51
44.900000000000006,0.0,0.0,0.0,8.92,181.49,164.73,288.55,133.63,297.48,133.51
44.95,0.0,0.0,0.0,8.92,181.49,164.73,288.55,133.63,297.48,133.51
45.0,0.0,0.0,0.0,8.92,181.49,164.73,288.55,133.63,297.48,133.51
45.05,0.0,0.0,0.0,8.92,181.49,164.73,288.55,133.63,297.48,133.51
45.1,0.0,0.0,0.0,8.92,181.49,164.73,288.55,133.63,297.48,133.51
45.150000000000006,0.0,0.0,0.0,8.92,181.49,164.73,288.55,133.63,297.48,133.51
45.2,0.0,0.0,0.0,8.92,181.49,164.73,288.55,133.63,297.48,133.51
45.25,0.0,0.0,0.0,8.92,181.49,164.73,288.55,133.63,297.48,133.51
45.3,0.0,0.0,0.0,8.92,181.49,164.73,288.55,133.63,297.48,133.51
45.35,0.0,0.0,0.0,8.92,181.49,164.73,288.55,133.63,297.48,133.51
45.400000000000006,0.0,0.0,0.0,8.92,181.49,164.73,288.55,133.63,297.48,133.51
45.45,0.0,0.0,0.0,8.92,181.49,164.73,288.55,133.63,297.48,133.51
45.5,0.0,0.0,0.0,8.92,181.49,164.73,288.55,133.63,297.48,133.51
45.55,0.0,0.0,0.0,8.92,181.49,164.73,288.55,133.63,297.48,133.51
45.6,0.0,0.0,0.0,8.92,181.49,164.73,288.55,133.63,297.48,133.51
45.650000000000006,0.0,0.0,0.0,8.92,181.49,164.73,288.55,133.63,297.48,133.51
45.7,0.0,0.0,0.0,8.92,181.49,164.73,288.55,133.63,297.48,133.51
45.75,0.0,0.0,0.0,8.92,181.49,164.73,288.55,133.63,297.48,133.51
45.8,0.0,0.0,0.0,8.92,181.49,164.73,288.55,133.63,297.48,133.51
45.85,0.0,0.0,0.0,8.92,181.49,164.73,288.55,133.63,297.48,133.51
45.900000000000006,0.0,0.0,0.0,8.92,181.49,164.73,288.55,133.63,297.48,133.51
45.95,0.0,0.0,0.0,8.92,181.49,164.73,288.55,133.63,297.48,133.51
46.0,0.0,0.0,0.0,8.92,181.49,164.73,288.55,133.63,297.48,133.51
46.05,0.0,0.0,0.0,8.92,181.49,164.73,288.55,133.63,297.48,133.51
46.1,0.0,0.0,0.0,8.92,181.49,164.73,288.55,133.63,297.48,133.51
46.150000000000006,0.0,0.0,0.0,8.92,181.49,164.73,288.55,133.63,297.48,133.51
46.2,0.0,0.0,0.0,8.92,181.49,164.73,288.55,133.63,297.48,133.51
46.25,0.0,0.0,0.0,8.92,181.49,164.73,288.55,133.63,297.48,133.51
46.3,0.0,0.0,0.0,8.92,181.49,164.73,288.55,133.63,297.48,133.51
46.35,0.0,0.0,0.0,8.92,181.49,164.73,288.55,133.63,297.48,133.51
46.400000000000006,0.0,0.0,0.0,8.92,181.49,164.73,288.55,133.63,297.48,133.51
46.45,0.0,0.0,0.0,8.92,181.49,164.73,288.55,133.63,297.48,133.51
46.5,0.0,0.0,0.0,8.92,181.49,164.73,288.55,133.63,297.48,133.51
46.55,0.0,0.0,0.0,8.92,181.49,164.73,288.55,133.63,297.48,133.51
46.6,0.0,0.0,0.0,8.92,181.49,164.73,288.55,133.63,297.48,133.51
46.650000000000006,0.0,0.0,0.0,8.92,181.49,164.73,288.55,133.63,297.48,133.51
46.7,0.0,0.0,0.0,8.92,181.49,164.73,288.55,133.63,297.48,133.51
46.75,0.0,0.0,0.0,8.92,181.49,164.73,288.55,133.63,297.48,133.51
46.8,0.0,0.0,0.0,8.92,181.49,164.73,288.55,133.63,297.48,133.51
46.85,0.0,0.0,0.0,8.92,181.49,164.73,288.55,133.63,297.48,133.51
46.900000000000006,0.0,0.0,0.0,8.92,181.49,164.73,288.55,133.63,297.48,133.51
46.95,0.0,0.0,0.0,8.92,181.49,164.73,288.55,133.63,297.48,133.51
47.0,0.0,0.0,0.0,8.92,181.49,164.73,288.55,133.63,297.48,133.51
47.05,0.0,0.0,0.0,8.92,181.49,164.73,288.55,133.63,297.48,133.51
47.1,0.0,0.0,0.0,8.92,181.49,164.73,288.55,133.63,297.48,133.51
47.150000000000006,0.0,0.0,0.0,8.92,181.49,164.73,288.55,133.63,297.48,133.51
47.2,0.0,0.0,0.0,8.92,181.49,164.73,288.55,133.63,297.48,133.51
47.25,0.0,0.0,0.0,8.92,181.49,164.73,288.55,133.63,297.48,133.51
47.3,0.0,0.0,0.0,8.92,181.49,164.73,288.55,133.63,297.48,133.51
47.35,0.0,0.0,0.0,8.92,181.49,164.73,288.55,133.63,297.48,133.51
47.400000000000006,0.0,0.0,0.0,8.92,181.49,164.73,288.55,133.63,297.48,133.51
47.45,0.0,0.0,0.0,8.92,181.49,164.73,288.55,133.63,297.48,133.51
47.5,0.0,0.0,0.0,8.92,181.49,164.73,288.55,133.63,297.48,133.51
47.55,0.0,0.0,0.0,8.92,181.49,164.73,288.55,133.63,297.48,133.51
47.6,0.0,0.0,0.0,8.92,181.49,164.73,288.55,133.63,297.48,133.51
47.650000000000006,0.0,0.0,0.0,8.92,181.49,164.73,288.55,133.63,297.48,133.51
47.7,0.0,0.0,0.0,8.92,181.49,164.73,288.55,133.63,297.48,133.51
47.75,0.0,0.0,0.0,8.92,181.49,164.73,288.55,133.63,297.48,133.51
47.8,0.0,0.0,0.0,8.92,181.49,164.73,288.55,133.63,297.48,133.51
47.85,0.0,0.0,0.0,8.92,181.49,164.73,288.55,133.63,297.48,133.51
47.900000000000006,0.0,0.0,0.0,8.92,181.49,164.73,288.55,133.63,297.48,133.51
47.95,0.0,0.0,0.0,8.92,181.49,164.73,288.55,133.63,297.48,133.51
48.0,0.0,0.0,0.0,8.92,181.49,164.73,288.55,133.63,297.48,133.51
48.05,0.0,0.0,0.0,8.92,181.49,164.73,288.55,133.63,297.48,133.51
48.1,0.0,0.0,0.0,8.92,181.49,164.73,288.55,133.63,297.48,133.51
48.150000000000006,0.0,0.0,0.0,8.92,181.49,164.73,288.55,133.63,297.48,133.51
48.2,0.0,0.0,0.0,8.92,181.49,164.73,288.55,133.63,297.48,133.51
48.25,0.0,0.0,0.0,8.92,181.49,164.73,288.55,133.63,297.48,133.51
48.3,0.0,0.0,0.0,8.92,181.49,164.73,288.55,133.63,297.48,133.51
48.35,0.0,0.0,0.0,8.92,181.49,164.73,288.55,133.63,297.48,133.51
48.400000000000006,0.0,0.0,0.0,8.92,181.49,164.73,288.55,133.63,297.48,133.51
48.45,0.0,0.0,0.0,8.92,181.49,164.73,288.55,133.63,297.48,133.51
48.5,0.0,0.0,0.0,8.92,181.49,164.73,288.55,133.63,297.48,133.51
48.55,0.0,0.0,0.0,8.92,181.49,164.73,288.55,133.63,297.48,133.51
48.6,0.0,0.0,0.0,8.92,181.49,164.73,288.55,133.63,297.48,133.51
48.650000000000006,0.0,0.0,0.0,8.92,181.49,164.73,288.55,133.63,297.48,133.51
48.7,0.0,0.0,0.0,8.92,181.49,164.73,288.55,133.63,297.48,133.51
48.75,0.0,0.0,0.0,8.92,181.49,164.73,288.55,133.63,297.48,133.51
48.8,0.0,0.0,0.0,8.92,181.49,164.73,288.55,133.63,297.48,133.51
48.85,0.0,0.0,0.0,8.92,181.49,164.73,288.55,133.63,297.48,133.51
48.900000000000006,0.0,0.0,0.0,8.92,181.49,164.73,288.55,133.63,297.48,133.51
48.95,0.0,0.0,0.0,8.92,181.49,164.73,288.55,133.63,297.48,133.51
49.0,0.0,0.0,0.0,8.92,181.49,164.73,288.55,133.63,297.48,133.51
49.05,0.0,0.0,0.0,8.92,181.49,164.73,288.55,133.63,297.48,133.51
49.1,0.0,0.0,0.0,8.92,181.49,164.73,288.55,133.63,297.48,133.51
49.150000000000006,0.0,0.0,0.0,8.92,181.49,164.73,288.55,133.63,297.48,133.51
49.2,0.0,0.0,0.0,8.92,181.49,164.73,288.55,133.63,297.48,133.51
49.25,0.0,0.0,0.0,8.92,181.49,164.73,288.55,133.63,297.48,133.51
49.3,0.0,0.0,0.0,8.92,181.49,164.73,288.55,133.63,297.48,133.51
49.35,0.0,0.0,0.0,8.92,181.49,164.73,288.55,133.63,297.48,133.51
49.400000000000006,0.0,0.0,0.0,8.92,181.49,164.73,288.55,133.63,297.48,133.51
49.45,0.0,0.0,0.0,8.92,181.49,164.73,288.55,133.63,297.48,133.51
49.5,0.0,0.0,0.0,8.92,181.49,164.73,288.55,133.63,297.48,133.51
49.55,0.0,0.0,0.0,8.92,181.49,164.73,288.55,133.63,297.48,133.51
49.6,0.0,0.0,0.0,8.92,181.49,164.73,288.55,133.63,297.48,133.51
49.650000000000006,0.0,0.0,0.0,8.92,181.49,164.73,288.55,133.63,297.48,133.51
49.7,0.0,0.0,0.0,8.92,181.49,164.73,288.55,133.63,297.48,133.51
49.75,0.0,0.0,0.0,8.92,181.49,164.73,288.55,133.63,297.48,133.51
49.8,0.0,0.0,0.0,8.92,181.49,164.73,288.55,133.63,297.48,133.51
49.85,0.0,0.0,0.0,8.92,181.49,164.73,288.55,133.63,297.48,133.51
49.900000000000006,0.0,0.0,0.0,8.92,181.49,164.73,288.55,133.63,297.48,133.51
49.95,0.0,0.0,0.0,8.92,181.49,164.73,288.55,133.63,297.48,133.51
50.0,0.0,0.0,0.0,8.92,181.49,164.73,288.55,133.63,297.48,133.51
50.05,0.0,0.0,0.0,8.92,181.49,164.73,288.55,133.63,297.48,133.51
50.1,0.0,0.0,0.0,8.92,181.49,164.73,288.55,133.63,297.48,133.51
50.150000000000006,0.0,0.0,0.0,8.92,181.49,164.73,288.55,133.63,297.48,133.51
50.2,0.0,0.0,0.0,8.92,181.49,164.73,288.55,133.63,297.48,133.51
50.25,0.0,0.0,0.0,8.92,181.49,164.73,288.55,133.63,297.48,133.51
50.3,0.0,0.0,0.0,8.92,181.49,164.73,288.55,133.63,297.48,133.51
50.35,0.0,0.0,0.0,8.92,181.49,164.73,288.55,133.63,297.48,133.51
50.400000000000006,0.0,0.0,0.0,8.92,181.49,164.73,288.55,133.63,297.48,133.51
50.45,0.0,0.0,0.0,8.92,181.49,164.73,288.55,133.63,297.48,133.51
50.5,0.0,0.0,0.0,8.92,181.49,164.73,288.55,133.63,297.48,133.51
50.55,0.0,0.0,0.0,8.92,181.49,164.73,288.55,133.63,297.48,133.51
50.6,0.0,0.0,0.0,8.92,181.49,164.73,288.55,133.63,297.48,133.51
50.650000000000006,0.0,0.0,0.0,8.92,181.49,164.73,288.55,133.63,297.48,133.51
50.7,0.0,0.0,0.0,8.92,181.49,164.73,288.55,133.63,297.48,133.51
50.75,0.0,0.0,0.0,8.92,181.49,164.73,288.55,133.63,297.48,133.51
50.8,0.0,0.0,0.0,8.92,181.49,164.73,288.55,133.63,297.48,133.51
50.85,0.0,0.0,0.0,8.92,181.49,164.73,288.55,133.63,297.48,133.51
50.900000000000006,0.0,0.0,0.0,8.92,181.49,164.73,288.55,133.63,297.48,133.51
50.95,0.0,0.0,0.0,8.92,181.49,164.73,288.55,133.63,297.48,133.51
51.0,0.0,0.0,0.0,8.92,181.49,164.73,288.55,133.63,297.48,133.51
51.05,0.0,0.0,0.0,8.92,181.49,164.73,288.55,133.63,297.48,133.51
51.1,0.0,0.0,0.0,8.92,181.49,164.73,288.55,133.63,297.48,133.51
51.150000000000006,0.0,0.0,0.0,8.92,181.49,164.73,288.55,133.63,297.48,133.51
51.2,0.0,0.0,0.0,8.92,181.49,164.73,288.55,133.63,297.48,133.51
51.25,0.0,0.0,0.0,8.92,181.49,164.73,288.55,133.63,297.48,133.51
51.3,0.0,0.0,0.0,8.92,181.49,164.73,288.55,133.63,297.48,133.51
51.35,0.0,0.0,0.0,8.92,181.49,164.73,288.55,133.63,297.48,133.51
51.400000000000006,0.0,0.0,0.0,8.92,181.49,164.73,288.55,133.63,297.48,133.51
51.45,0.0,0.0,0.0,8.92,181.49,164.73,288.55,133.63,297.48,133.51
51.5,0.0,0.0,0.0,8.92,181.49,164.73,288.55,133.63,297.48,133.51
51.55,0.0,0.0,0.0,8.92,181.49,164.73,288.55,133.63,297.48,133.51
51.6,0.0,0.0,0.0,8.92,181.49,164.73,288.55,133.63,297.48,133.51
51.650000000000006,0.0,0.0,0.0,8.92,181.49,164.73,288.55,133.63,297.48,133.51
51.7,0.0,0.0,0.0,8.92,181.49,164.73,288.55,133.63,297.48,133.51
51.75,0.0,0.0,0.0,8.92,181.49,164.73,288.55,133.63,297.48,133.51
51.8,0.0,0.0,0.0,8.92,181.49,164.73,288.55,133.63,297.48,133.51
51.85,0.0,0.0,0.0,8.92,181.49,164.73,288.55,133.63,297.48,133.51
51.900000000000006,0.0,0.0,0.0,8.92,181.49,164.73,288.55,133.63,297.48,133.51
51.95,0.0,0.0,0.0,8.92,181.49,164.73,288.55,133.63,297.48,133.51
52.0,0.0,0.0,0.0,8.92,181.49,164.73,288.55,133.63,297.48,133.51
52.05,0.0,0.0,0.0,8.92,181.49,164.73,288.55,133.63,297.48,133.51
52.1,0.0,0.0,0.0,8.92,181.49,164.73,288.55,133.63,297.48,133.51
52.150000000000006,0.0,0.0,0.0,8.92,181.49,164.73,288.55,133.63,297.48,133.51
52.2,0.0,0.0,0.0,8.92,181.49,164.73,288.55,133.63,297.48,133.51
52.25,0.0,0.0,0.0,8.92,181.49,164.73,288.55,133.63,297.48,133.51
52.3,0.0,0.0,0.0,8.92,181.49,164.73,288.55,133.63,297.48,133.51
52.35,0.0,0.0,0.0,8.92,181.49,164.73,288.55,133.63,297.48,133.51
52.400000000000006,0.0,0.0,0.0,8.92,181.49,164.73,288.55,133.63,297.48,133.51
52.45,0.0,0.0,0.0,8.92,181.49,164.73,288.55,133.63,297.48,133.51
52.5,0.0,0.0,0.0,8.92,181.49,164.73,288.55,133.63,297.48,133.51
52.55,0.0,0.0,0.0,8.92,181.49,164.73,288.55,133.63,297.48,133.51
52.6,0.0,0.0,0.0,8.92,181.49,164.73,288.55,133.63,297.48,133.51
52.650000000000006,0.0,0.0,0.0,8.92,181.49,164.73,288.55,133.63,297.48,133.51
52.7,0.0,0.0,0.0,8.92,181.49,164.73,288.55,133.63,297.48,133.51
52.75,0.0,0.0,0.0,8.92,181.49,164.73,288.55,133.63,297.48,133.51
52.8,0.0,0.0,0.0,8.92,181.49,164.73,288.55,133.63,297.48,133.51
52.85,0.0,0.0,0.0,8.92,181.49,164.73,288.55,133.63,297.48,133.51
52.900000000000006,0.0,0.0,0.0,8.92,181.49,164.73,288.55,133.63,297.48,133.51
52.95,0.0,0.0,0.0,8.92,181.49,164.73,288.55,133.63,297.48,133.51
53.0,0.0,0.0,0.0,8.92,181.49,164.73,288.55,133.63,297.48,133.51
53.05,0.0,0.0,0.0,8.92,181.49,164.73,288.55,133.63,297.48,133.51
53.1,0.0,0.0,0.0,8.92,181.49,164.73,288.55,133.63,297.48,133.51
53.150000000000006,0.0,0.0,0.0,8.92,181.49,164.73,288.55,133.63,297.48,133.51
53.2,0.0,0.0,0.0,8.92,181.49,164.73,288.55,133.63,297.48,133.51
53.25,0.0,0.0,0.0,8.92,181.49,164.73,288.55,133.63,297.48,133.51
53.3,0.0,0.0,0.0,8.92,181.49,164.73,288.55,133.63,297.48,133.51
53.35,0.0,0.0,0.0,8.92,181.49,164.73,288.55,133.63,297.48,133.51
53.400000000000006,0.0,0.0,0.0,8.92,181.49,164.73,288.55,133.63,297.48,133.51
53.45,0.0,0.0,0.0,8.92,181.49,164.73,288.55,133.63,297.48,133.51
53.5,0.0,0.0,0.0,8.92,181.49,164.73,288.55,133.63,297.48,133.51
53.55,0.0,0.0,0.0,8.92,181.49,164.73,288.55,133.63,297.48,133.51
53.6,0.0,0.0,0.0,8.92,181.49,164.73,288.55,133.63,297.48,133.51
53.650000000000006,0.0,0.0,0.0,8.92,181.49,164.73,288.55,133.63,297.48,133.51
53.7,0.0,0.0,0.0,8.92,181.49,164.73,288.55,133.63,297.48,133.51
53.75,0.0,0.0,0.0,8.92,181.49,164.73,288.55,133.63,297.48,133.51
53.8,0.0,0.0,0.0,8.92,181.49,164.73,288.55,133.63,297.48,133.51
53.85,0.0,0.0,0.0,8.92,181.49,164.73,288.55,133.63,297.48,133.51
53.900000000000006,0.0,0.0,0.0,8.92,181.49,164.73,288.55,133.63,297.48,133.51
53.95,0.0,0.0,0.0,8.92,181.49,164.73,288.55,133.63,297.48,133.51
54.0,0.0,0.0,0.0,8.92,181.49,164.73,288.55,133.63,297.48,133.51
54.05,0.0,0.0,0.0,8.92,181.49,164.73,288.55,133.63,297.48,133.51
54.1,0.0,0.0,0.0,8.92,181.49,164.73,288.55,133.63,297.48,133.51
54.150000000000006,0.0,0.0,0.0,8.92,181.49,164.73,288.55,133.63,297.48,133.51
54.2,0.0,0.0,0.0,8.92,181.49,164.73,288.55,133.63,297.48,133.51
54.25,0.0,0.0,0.0,8.92,181.49,164.73,288.55,133.63,297.48,133.51
54.3,0.0,0.0,0.0,8.92,181.49,164.73,288.55,133.63,297.48,133.51
54.35,0.0,0.0,0.0,8.92,181.49,164.73,288.55,133.63,297.48,133.51
54.400000000000006,0.0,0.0,0.0,8.92,181.49,164.73,288.55,133.63,297.48,133.51
54.45,0.0,0.0,0.0,8.92,181.49,164.73,288.55,133.63,297.48,133.51
54.5,0.0,0.0,0.0,8.92,181.49,164.73,288.55,133.63,297.48,133.51
54.55,0.0,0.0,0.0,8.92,181.49,164.73,288.55,133.63,297.48,133.51
54.6,0.0,0.0,0.0,8.92,181.49,164.73,288.55,133.63,297.48,133.51
54.650000000000006,0.0,0.0,0.0,8.92,181.49,164.73,288.55,133.63,297.48,133.51
54.7,0.0,0.0,0.0,8.92,181.49,164.73,288.55,133.63,297.48,133.51
54.75,0.0,0.0,0.0,8.92,181.49,164.73,288.55,133.63,297.48,133.51
54.8,0.0,0.0,0.0,8.92,181.49,164.73,288.55,133.63,297.48,133.51
54.85,0.0,0.0,0.0,8.92,181.49,164.73,288.55,133.63,297.48,133.51
54.900000000000006,0.0,0.0,0.0,8.92,181.49,164.73,288.55,133.63,297.48,133.51
54.95,0.0,0.0,0.0,8.92,181.49,164.73,288.55,133.63,297.48,133.51
55.0,0.0,0.0,0.0,8.92,181.49,164.73,288.55,133.63,297.48,133.51
55.05,0.0,0.0,0.0,8.92,181.49,164.73,288.55,133.63,297.48,133.51
55.1,0.0,0.0,0.0,8.92,181.49,164.73,288.55,133.63,297.48,133.51
55.150000000000006,0.0,0.0,0.0,8.92,181.49,164.73,288.55,133.63,297.48,133.51
55.2,0.0,0.0,0.0,8.92,181.49,164.73,288.55,133.63,297.48,133.51
55.25,0.0,0.0,0.0,8.92,181.49,164.73,288.55,133.63,297.48,133.51
55.3,0.0,0.0,0.0,8.92,181.49,164.73,288.55,133.63,297.48,133.51
55.35,0.0,0.0,0.0,8.92,181.49,164.73,288.55,133.63,297.48,133.51
55.400000000000006,0.0,0.0,0.0,8.92,181.49,164.73,288.55,133.63,297.48,133.51
55.45,0.0,0.0,0.0,8.92,181.49,164.73,288.55,133.63,297.48,133.51
55.5,0.0,0.0,0.0,8.92,181.49,164.73,288.55,133.63,297.48,133.51
55.55,0.0,0.0,0.0,8.92,181.49,164.73,288.55,133.63,297.48,133.51
55.6,0.0,0.0,0.0,8.92,181.49,164.73,288.55,133.63,297.48,133.51
55.650000000000006,0.0,0.0,0.0,8.92,181.49,164.73,288.55,133.63,297.48,133.51
55.7,0.0,0.0,0.0,8.92,181.49,164.73,288.55,133.63,297.48,133.51
55.75,0.0,0.0,0.0,8.92,181.49,164.73,288.55,133.63,297.48,133.51
55.8,0.0,0.0,0.0,8.92,181.49,164.73,288.55,133.63,297.48,133.51
55.85,0.0,0.0,0.0,8.92,181.49,164.73,288.55,133.63,297.48,133.51
55.900000000000006,0.0,0.0,0.0,8.92,181.49,164.73,288.55,133.63,297.48,133.51
55.95,0.0,0.0,0.0,8.92,181.49,164.73,288.55,133.63,297.48,133.51
56.0,0.0,0.0,0.0,8.92,181.49,164.73,288.55,133.63,297.48,133.51
56.05,0.0,0.0,0.0,8.92,181.49,164.73,288.55,133.63,297.48,133.51
56.1,0.0,0.0,0.0,8.92,181.49,164.73,288.55,133.63,297.48,133.51
56.150000000000006,0.0,0.0,0.0,8.92,181.49,164.73,288.55,133.63,297.48,133.51
56.2,0.0,0.0,0.0,8.92,181.49,164.73,288.55,133.63,297.48,133.51
56.25,0.0,0.0,0.0,8.92,181.49,164.73,288.55,133.63,297.48,133.51
56.3,0.0,0.0,0.0,8.92,181.49,164.73,288.55,133.63,297.48,133.51
56.35,0.0,0.0,0.0,8.92,181.49,164.73,288.55,133.63,297.48,133.51
56.400000000000006,0.0,0.0,0.0,8.92,181.49,164.73,288.55,133.63,297.48,133.51
56.45,0.0,0.0,0.0,8.92,181.49,164.73,288.55,133.63,297.48,133.51
56.5,0.0,0.0,0.0,8.92,181.49,164.73,288.55,133.63,297.48,133.51
56.55,0.0,0.0,0.0,8.92,181.49,164.73,288.55,133.63,297.48,133.51
56.6,0.0,0.0,0.0,8.92,181.49,164.73,288.55,133.63,297.48,133.51
56.650000000000006,0.0,0.0,0.0,8.92,181.49,164.73,288.55,133.63,297.48,133.51
56.7,0.0,0.0,0.0,8.92,181.49,164.73,288.55,133.63,297.48,133.51
56.75,0.0,0.0,0.0,8.92,181.49,164.73,288.55,133.63,297.48,133.51
56.8,0.0,0.0,0.0,8.92,181.49,164.73,288.55,133.63,297.48,133.51
56.85,0.0,0.0,0.0,8.92,181.49,164.73,288.55,133.63,297.48,133.51
56.900000000000006,0.0,0.0,0.0,8.92,181.49,164.73,288.55,133.63,297.48,133.51
56.95,0.0,0.0,0.0,8.92,181.49,164.73,288.55,133.63,297.48,133.51
57.0,0.0,0.0,0.0,8.92,181.49,164.73,288.55,133.63,297.48,133.51
57.05,0.0,0.0,0.0,8.92,181.49,164.73,288.55,133.63,297.48,133.51
57.1,0.0,0.0,0.0,8.92,181.49,164.73,288.55,133.63,297.48,133.51
57.150000000000006,0.0,0.0,0.0,8.92,181.49,164.73,288.55,133.63,297.48,133.51
57.2,0.0,0.0,0.0,8.92,181.49,164.73,288.55,133.63,297.48,133.51
57.25,0.0,0.0,0.0,8.92,181.49,164.73,288.55,133.63,297.48,133.51
57.3,0.0,0.0,0.0,8.92,181.49,164.73,288.55,133.63,297.48,133.51
57.35,0.0,0.0,0.0,8.92,181.49,164.73,288.55,133.63,297.48,133.51
57.400000000000006,0.0,0.0,0.0,8.92,181.49,164.73,288.55,133.63,297.48,133.51
57.45,0.0,0.0,0.0,8.92,181.49,164.73,288.55,133.63,297.48,133.51
57.5,0.0,0.0,0.0,8.92,181.49,164.73,288.55,133.63,297.48,133.51
57.55,0.0,0.0,0.0,8.92,181.49,164.73,288.55,133.63,297.48,133.51
57.6,0.0,0.0,0.0,8.92,181.49,164.73,288.55,133.63,297.48,133.51
57.650000000000006,0.0,0.0,0.0,8.92,181.49,164.73,288.55,133.63,297.48,133.51
57.7,0.0,0.0,0.0,8.92,181.49,164.73,288.55,133.63,297.48,133.51
57.75,0.0,0.0,0.0,8.92,181.49,164.73,288.55,133.63,297.48,133.51
57.8,0.0,0.0,0.0,8.92,181.49,164.73,288.55,133.63,297.48,133.51
57.85,0.0,0.0,0.0,8.92,181.49,164.73,288.55,133.63,297.48,133.51
57.900000000000006,0.0,0.0,0.0,8.92,181.49,164.73,288.55,133.63,297.48,133.51
57.95,0.0,0.0,0.0,8.92,181.49,164.73,288.55,133.63,297.48,133.51
58.0,0.0,0.0,0.0,8.92,181.49,164.73,288.55,133.63,297.48,133.51
58.05,0.0,0.0,0.0,8.92,181.49,164.73,288.55,133.63,297.48,133.51
58.1,0.0,0.0,0.0,8.92,181.49,164.73,288.55,133.63,297.48,133.51
58.150000000000006,0.0,0.0,0.0,8.92,181.49,164.73,288.55,133.63,297.48,133.51
58.2,0.0,0.0,0.0,8.92,181.49,164.73,288.55,133.63,297.48,133.51
58.25,0.0,0.0,0.0,8.92,181.49,164.73,288.55,133.63,297.48,133.51
58.3,0.0,0.0,0.0,8.92,181.49,164.73,288.55,133.63,297.48,133.51
58.35,0.0,0.0,0.0,8.92,181.49,164.73,288.55,133.63,297.48,133.51
58.400000000000006,0.0,0.0,0.0,8.92,181.49,164.73,288.55,133.63,297.48,133.51
58.45,0.0,0.0,0.0,8.92,181.49,164.73,288.55,133.63,297.48,133.51
58.5,0.0,0.0,0.0,8.92,181.49,164.73,288.55,133.63,297.48,133.51
58.55,0.0,0.0,0.0,8.92,181.49,164.73,288.55,133.63,297.48,133.51
58.6,0.0,0.0,0.0,8.92,181.49,164.73,288.55,133.63,297.48,133.51
58.650000000000006,0.0,0.0,0.0,8.92,181.49,164.73,288.55,133.63,297.48,133.51
58.7,0.0,0.0,0.0,8.92,181.49,164.73,288.55,133.63,297.48,133.51
58.75,0.0,0.0,0.0,8.92,181.49,164.73,288.55,133.63,297.48,133.51
58.8,0.0,0.0,0.0,8.92,181.49,164.73,288.55,133.63,297.48,133.51
58.85,0.0,0.0,0.0,8.92,181.49,164.73,288.55,133.63,297.48,133.51
58.900000000000006,0.0,0.0,0.0,8.92,181.49,164.73,288.55,133.63,297.48,133.51
58.95,0.0,0.0,0.0,8.92,181.49,164.73,288.55,133.63,297.48,133.51
59.0,0.0,0.0,0.0,8.92,181.49,164.73,288.55,133.63,297.48,133.51
59.05,0.0,0.0,0.0,8.92,181.49,164.73,288.55,133.63,297.48,133.51
59.1,0.0,0.0,0.0,8.92,181.49,164.73,288.55,133.63,297.48,133.51
59.150000000000006,0.0,0.0,0.0,8.92,181.49,164.73,288.55,133.63,297.48,133.51
59.2,0.0,0.0,0.0,8.92,181.49,164.73,288.55,133.63,297.48,133.51
59.25,0.0,0.0,0.0,8.92,181.49,164.73,288.55,133.63,297.48,133.51
59.3,0.0,0.0,0.0,8.92,181.49,164.73,288.55,133.63,297.48,133.51
59.35,0.0,0.0,0.0,8.92,181.49,164.73,288.55,133.63,297.48,133.51
59.400000000000006,0.0,0.0,0.0,8.92,181.49,164.73,288.55,133.63,297.48,133.51
59.45,0.0,0.0,0.0,8.92,181.49,164.73,288.55,133.63,297.48,133.51
59.5,0.0,0.0,0.0,8.92,181.49,164.73,288.55,133.63,297.48,133.51
59.55,0.0,0.0,0.0,8.92,181.49,164.73,288.55,133.63,297.48,133.51
59.6,0.0,0.0,0.0,8.92,181.49,164.73,288.55,133.63,297.48,133.51
59.650000000000006,0.0,0.0,0.0,8.92,181.49,164.73,288.55,133.63,297.48,133.51
59.7,0.0,0.0,0.0,8.92,181.49,164.73,288.55,133.63,297.48,133.51
59.75,0.0,0.0,0.0,8.92,181.49,164.73,288.55,133.63,297.48,133.51
59.8,0.0,0.0,0.0,8.92,181.49,164.73,288.55,133.63,297.48,133.51
59.85,0.0,0.0,0.0,8.92,181.49,164.73,288.55,133.63,297.48,133.51
59.900000000000006,0.0,0.0,0.0,8.92,181.49,164.73,288.55,133.63,297.48,133.51
59.95,0.0,0.0,0.0,8.92,181.49,164.73,288.55,133.63,297.48,133.51
60.0,0.0,0.0,0.0,8.92,181.49,164.73,288.55,133.63,297.48,133.51
60.05,0.0,0.0,0.0,8.92,181.49,164.73,288.55,133.63,297.48,133.51
