Time (s),Ego Speed (km/h),Ego Speed (m/s),Lead Speed (km/h),Smoothed Lead Speed (m/s),Smoothed Lead Speed (km/h),Ego Acceleration (m/s²),Lead Acceleration (m/s²),Lead Acceleration (Theoretical),Ego Distance Covered (m),Lead Vehicle Distance Covered (m),Distance Between (m),Lead Braking Distance (m),Braking Phase,RSS Safety Distance (m)
5.0,9.21,2.558,12.46,3.222,11.6,0.889,0.833,0.0,4.74,7.91,28.56,4.09,,0.0
5.05,9.37,2.603,12.18,3.261,11.74,0.889,0.778,0.0,4.87,8.08,28.6,,,0.0
5.1,9.52,2.644,12.76,3.303,11.89,0.833,0.833,0.0,5.0,8.26,28.64,,,0.0
5.15,9.66,2.683,12.48,3.342,12.03,0.778,0.778,0.0,5.13,8.43,28.68,,,0.0
5.2,9.8,2.722,13.05,3.383,12.18,0.778,0.833,0.0,5.27,8.61,28.73,,,0.0
5.25,9.93,2.758,12.78,3.422,12.32,0.722,0.778,0.0,5.41,8.79,28.77,,,0.0
5.3,10.06,2.794,13.34,3.464,12.47,0.722,0.833,0.0,5.55,8.98,28.82,,,0.0
5.35,10.19,2.831,13.07,3.506,12.62,0.722,0.833,0.0,5.69,9.16,28.86,,,0.0
5.4,10.33,2.869,13.62,3.544,12.76,0.778,0.778,0.0,5.83,9.35,28.9,,,0.0
5.45,10.47,2.908,13.36,3.586,12.91,0.778,0.833,0.0,5.97,9.53,28.94,,,0.0
5.5,10.62,2.95,13.91,3.625,13.05,0.833,0.778,0.0,6.12,9.73,28.99,,,0.0
5.55,10.77,2.992,13.65,3.667,13.2,0.833,0.833,0.0,6.27,9.92,29.03,,,0.0
5.6,10.93,3.036,14.2,3.708,13.35,0.889,0.833,0.0,6.42,10.11,29.08,,,0.031632999999999356
5.65,11.08,3.078,13.95,3.747,13.49,0.833,0.778,0.0,6.57,10.31,29.12,,,0.0631959999999987
5.7,11.23,3.119,14.49,3.789,13.64,0.833,0.833,0.0,6.73,10.51,29.17,,,0.08481250000000085
5.75,11.36,3.156,14.24,3.828,13.78,0.722,0.778,0.0,6.89,10.71,29.21,,,0.10195300000000085
5.8,11.47,3.186,14.77,3.869,13.93,0.611,0.833,0.0,7.04,10.91,29.25,,,0.09195066666666563
5.85,11.58,3.217,14.53,3.908,14.07,0.611,0.778,0.0,7.2,11.11,29.3,,,0.09015816666666598
5.9,11.72,3.256,15.06,3.95,14.22,0.778,0.833,0.0,7.37,11.32,29.34,,,0.10644766666666516
5.95,11.89,3.303,14.83,3.989,14.36,0.944,0.778,0.0,7.53,11.53,29.38,,,0.15747116666666638
6.0,12.07,3.353,15.34,4.031,14.51,1.0,0.833,0.0,7.7,11.74,29.43,,,0.2116911666666681
6.05,12.25,3.403,15.12,4.069,14.65,1.0,0.778,0.0,7.87,11.95,29.47,,,0.278091166666667
6.1,12.44,3.456,15.62,4.108,14.79,1.056,0.778,0.0,8.04,12.17,29.52,,,0.35365966666666804
6.15,12.62,3.506,15.41,4.15,14.94,1.0,0.833,0.0,8.21,12.38,29.56,,,0.4121976666666649
6.2,12.79,3.553,15.9,4.189,15.08,0.944,0.778,0.0,8.39,12.6,29.6,,,0.46977116666666596
6.25,12.93,3.592,15.7,4.231,15.23,0.778,0.833,0.0,8.57,12.82,29.64,,,0.49129666666666694
6.3,13.05,3.625,16.19,4.269,15.37,0.667,0.778,0.0,8.75,13.05,29.68,,,0.5027764999999986
6.35,13.16,3.656,15.99,4.308,15.51,0.611,0.778,0.0,8.93,13.27,29.73,,,0.5041929999999999
6.4,13.26,3.683,16.47,4.35,15.66,0.556,0.833,0.0,9.11,13.5,29.77,,,0.48211150000000114
6.45,13.39,3.719,16.29,4.389,15.8,0.722,0.778,0.0,9.3,13.72,29.81,,,0.5018124999999989
6.5,13.54,3.761,16.75,4.428,15.94,0.833,0.778,0.0,9.49,13.96,29.86,,,0.5443555000000009
6.55,13.71,3.808,16.58,4.469,16.09,0.944,0.833,0.0,9.68,14.19,29.9,,,0.6007286666666642
6.6,13.89,3.858,17.04,4.508,16.23,1.0,0.778,0.0,9.87,14.42,29.94,,,0.6757776666666659
6.65,14.08,3.911,16.88,4.55,16.38,1.056,0.833,0.0,10.06,14.66,29.98,,,0.754950166666668
6.7,14.27,3.964,17.32,4.589,16.52,1.056,0.778,0.0,10.26,14.9,30.03,,,0.8449366666666647
6.75,14.44,4.011,17.17,4.631,16.67,0.944,0.833,0.0,10.46,15.14,30.07,,,0.9033631666666677
6.8,14.57,4.047,17.61,4.669,16.81,0.722,0.778,0.0,10.66,15.38,30.11,,,0.9306791666666676
6.85,14.67,4.075,17.47,4.711,16.96,0.556,0.833,0.0,10.86,15.62,30.15,,,0.9131231666666686
6.9,14.77,4.103,17.9,4.75,17.1,0.556,0.778,0.0,11.07,15.87,30.19,,,0.9046781666666659
6.95,14.89,4.136,17.77,4.792,17.25,0.667,0.833,0.0,11.27,16.12,30.23,,,0.9070996666666682
7.0,15.02,4.172,18.05,4.828,17.38,0.722,0.722,0.0,11.48,16.37,30.27,,,0.9412756666666642
7.05,15.16,4.211,18.2,4.872,17.54,0.778,0.889,0.0,11.69,16.62,30.32,,,0.9625555000000041
7.1,15.3,4.25,18.89,4.925,17.73,0.778,1.056,0.0,11.9,16.88,30.36,,,0.9545426666666685
7.15,15.45,4.292,17.85,4.95,17.82,0.833,0.5,0.0,12.12,17.13,30.4,,,1.051717
7.2,15.61,4.336,18.64,4.989,17.96,0.889,0.778,0.0,12.33,17.38,30.44,,,1.1124140000000047
7.25,15.78,4.383,18.69,5.031,18.11,0.944,0.833,0.0,12.55,17.64,30.48,,,1.1771245000000032
7.3,15.96,4.433,18.99,5.069,18.25,1.0,0.778,0.0,12.77,17.91,30.52,,,1.2696911666666661
7.35,16.15,4.486,18.93,5.108,18.39,1.056,0.778,0.0,13.0,18.17,30.56,,,1.3738496666666684
7.4,16.3,4.528,19.2,5.144,18.52,0.833,0.722,0.0,13.22,18.44,30.6,,,1.4402036666666653
7.45,16.43,4.564,19.11,5.183,18.66,0.722,0.778,0.0,13.45,18.7,30.64,,,1.4696806666666689
7.5,16.56,4.6,19.36,5.219,18.79,0.722,0.722,0.0,13.68,18.97,30.68,,,1.5098806666666675
7.55,16.7,4.639,19.27,5.247,18.89,0.778,0.556,0.0,13.91,19.24,30.72,,,1.5924365000000034
7.6,16.85,4.681,19.5,5.264,18.95,0.833,0.333,0.0,14.14,19.51,30.76,,,1.7286781666666684
7.65,17.0,4.722,19.39,5.308,19.11,0.833,0.889,0.0,14.38,19.78,30.79,,,1.7664656666666705
7.7,17.16,4.767,19.61,5.333,19.2,0.889,0.5,0.0,14.62,20.05,30.83,,,1.8913831666666692
7.75,17.32,4.811,19.49,5.356,19.28,0.889,0.444,0.0,14.86,20.32,30.86,,,2.020238166666669
7.8,17.48,4.856,19.7,5.375,19.35,0.889,0.389,0.0,15.1,20.6,30.89,,,2.1698726666666683
7.85,17.64,4.9,19.57,5.394,19.42,0.889,0.389,0.0,15.34,20.87,30.92,,,2.3163890000000045
7.9,17.79,4.942,20.08,5.419,19.51,0.833,0.5,0.0,15.59,21.15,30.95,,,2.4330466666666695
7.95,17.93,4.981,19.91,5.442,19.59,0.778,0.444,0.0,15.84,21.42,30.98,,,2.5433555000000005
8.0,18.04,5.011,20.08,5.461,19.66,0.611,0.389,0.0,16.09,21.7,31.01,,,2.624243166666668
8.05,18.15,5.042,19.91,5.478,19.72,0.611,0.333,0.0,16.34,21.98,31.03,,,2.7181390000000025
8.1,18.29,5.081,20.08,5.494,19.78,0.778,0.333,0.0,16.59,22.26,31.06,,,2.8570981666666686
8.15,18.45,5.125,19.91,5.508,19.83,0.889,0.278,0.0,16.85,22.54,31.08,,,3.0303755000000017
8.2,18.62,5.172,20.08,5.522,19.88,0.944,0.278,0.0,17.1,22.81,31.1,,,3.220975666666666
8.25,18.81,5.225,19.91,5.533,19.92,1.056,0.222,0.0,17.36,23.09,31.12,,,3.4560671666666654
8.3,19.0,5.278,20.08,5.544,19.96,1.056,0.222,0.0,17.63,23.37,31.13,,,3.693887
8.35,19.19,5.331,19.91,5.553,19.99,1.056,0.167,0.0,17.89,23.65,31.14,,,3.941840500000005
8.4,19.36,5.378,20.08,5.553,19.99,0.944,0.0,0.0,18.16,23.92,31.15,,,4.193596000000005
8.45,19.51,5.419,19.91,5.553,19.99,0.833,0.0,0.0,18.43,24.2,31.16,,,4.415016500000002
8.5,19.65,5.458,20.08,5.553,19.99,0.778,0.0,0.0,18.7,24.48,31.17,,,4.627196000000003
8.55,19.79,5.497,19.91,5.553,19.99,0.778,0.0,0.0,18.98,24.76,31.17,,,4.840896500000003
8.6,19.91,5.531,20.08,5.553,19.99,0.667,0.0,0.0,19.25,25.04,31.17,,,5.028440500000002
8.65,20.04,5.567,19.91,5.553,19.99,0.722,0.0,0.0,19.53,25.31,31.17,,,5.228276500000003
8.7,20.16,5.6,20.08,5.553,19.99,0.667,0.0,0.0,19.81,25.59,31.17,,,5.412598000000001
8.75,20.28,5.633,19.91,5.553,19.99,0.667,0.0,0.0,20.09,25.87,31.17,,,5.598008500000004
8.8,20.39,5.664,20.08,5.553,19.99,0.611,0.0,0.0,20.37,26.15,31.16,,,5.773174000000003
8.85,20.49,5.692,19.91,5.553,19.99,0.556,0.0,0.0,20.66,26.42,31.16,,,5.932214000000004
8.9,20.57,5.714,20.08,5.553,19.99,0.444,0.0,0.0,20.94,26.7,31.15,,,6.057724000000006
8.95,20.62,5.728,19.91,5.553,19.99,0.278,0.0,0.0,21.23,26.98,31.14,,,6.1378460000000015
9.0,20.64,5.733,20.08,5.553,19.99,0.111,0.0,0.0,21.51,27.26,31.13,,,6.166508500000004
9.05,20.64,5.733,19.91,5.553,19.99,0.0,0.0,0.0,21.8,27.53,31.12,,,6.166508500000004
9.1,20.63,5.731,20.08,5.553,19.99,-0.056,0.0,0.0,22.09,27.81,31.11,,,6.155040500000004
9.15,20.61,5.725,19.91,5.553,19.99,-0.111,0.0,0.0,22.37,28.09,31.1,,,6.120660500000001
9.2,20.58,5.717,20.08,5.553,19.99,-0.167,0.0,0.0,22.66,28.37,31.1,,,6.0748765
9.25,20.56,5.711,19.91,5.553,19.99,-0.111,0.0,0.0,22.95,28.65,31.09,,,6.040580500000006
9.3,20.55,5.708,20.08,5.553,19.99,-0.056,0.0,0.0,23.23,28.92,31.08,,,6.023446000000005
9.35,20.53,5.703,19.91,5.553,19.99,-0.111,0.0,0.0,23.52,29.2,31.07,,,5.994908500000003
9.4,20.53,5.703,20.08,5.553,19.99,0.0,0.0,0.0,23.8,29.48,31.07,,,5.994908500000003
9.45,20.52,5.7,19.91,5.553,19.99,-0.056,0.0,0.0,24.09,29.76,31.06,,,5.977798000000005
9.5,20.5,5.694,20.08,5.553,19.99,-0.111,0.0,0.0,24.37,30.03,31.05,,,5.943604000000002
9.55,20.48,5.689,19.91,5.553,19.99,-0.111,0.0,0.0,24.66,30.31,31.04,,,5.915136500000001
9.6,20.44,5.678,20.08,5.553,19.99,-0.222,0.0,0.0,24.94,30.59,31.04,,,5.852596
9.65,20.39,5.664,19.91,5.553,19.99,-0.278,0.0,0.0,25.22,30.87,31.03,,,5.773174000000003
9.7,20.33,5.647,20.08,5.553,19.99,-0.333,0.0,0.0,25.51,31.15,31.03,,,5.676996500000005
9.75,20.25,5.625,19.91,5.553,19.99,-0.444,0.0,0.0,25.79,31.42,31.02,,,5.552960500000005
9.8,20.17,5.603,20.08,5.553,19.99,-0.444,0.0,0.0,26.07,31.7,31.02,,,5.429408500000001
9.85,20.1,5.583,19.91,5.553,19.99,-0.389,0.0,0.0,26.35,31.98,31.02,,,5.317508500000004
9.9,20.03,5.564,20.08,5.553,19.99,-0.389,0.0,0.0,26.63,32.26,31.02,,,5.211574000000004
9.95,19.95,5.542,19.91,5.553,19.99,-0.444,0.0,0.0,26.9,32.53,31.02,,,5.089364000000003
10.0,19.88,5.522,20.08,5.553,19.99,-0.389,0.0,0.0,27.18,32.81,31.02,,,4.978684000000005
10.05,19.8,5.5,19.91,5.553,19.99,-0.444,0.0,0.0,27.46,33.09,31.02,,,4.857398000000003
10.1,19.76,5.489,20.08,5.553,19.99,-0.222,0.0,0.0,27.73,33.37,31.03,,,4.796936500000003
10.15,19.74,5.483,19.91,5.553,19.99,-0.111,0.0,0.0,28.0,33.64,31.03,,,4.764008500000001
10.2,19.75,5.486,20.08,5.553,19.99,0.056,0.0,0.0,28.28,33.92,31.03,,,4.780468000000003
10.25,19.77,5.492,19.91,5.553,19.99,0.111,0.0,0.0,28.55,34.2,31.03,,,4.813414000000003
10.3,19.81,5.503,20.08,5.553,19.99,0.222,0.0,0.0,28.83,34.48,31.04,,,4.873908500000004
10.35,19.85,5.514,19.91,5.553,19.99,0.222,0.0,0.0,29.1,34.76,31.04,,,4.934524000000005
10.4,19.89,5.525,20.08,5.553,19.99,0.222,0.0,0.0,29.38,35.03,31.04,,,4.995260500000004
10.45,19.94,5.539,19.91,5.553,19.99,0.278,0.0,0.0,29.66,35.31,31.04,,,5.072736500000001
10.5,19.98,5.55,20.08,5.553,19.99,0.222,0.0,0.0,29.93,35.59,31.04,,,5.133748000000002
10.55,20.03,5.564,19.91,5.553,19.99,0.278,0.0,0.0,30.21,35.87,31.04,,,5.211574000000004
10.6,20.07,5.575,20.08,5.553,19.99,0.222,0.0,0.0,30.49,36.14,31.04,,,5.2728605000000055
10.65,20.1,5.583,19.91,5.553,19.99,0.167,0.0,0.0,30.77,36.42,31.04,,,5.317508500000004
10.7,20.12,5.589,20.08,5.553,19.99,0.111,0.0,0.0,31.05,36.7,31.04,,,5.351036500000005
10.75,20.11,5.586,19.91,5.553,19.99,-0.056,0.0,0.0,31.33,36.98,31.04,,,5.334268000000005
10.8,20.08,5.578,20.08,5.553,19.99,-0.167,0.0,0.0,31.61,37.26,31.04,,,5.289596000000005
10.85,20.02,5.561,19.91,5.553,19.99,-0.333,0.0,0.0,31.89,37.53,31.04,,,5.194880500000004
10.9,19.94,5.539,20.08,5.553,19.99,-0.444,0.0,0.0,32.16,37.81,31.04,,,5.072736500000001
10.95,19.85,5.514,19.91,5.553,19.99,-0.5,0.0,0.0,32.44,38.09,31.04,,,4.934524000000005
11.0,19.77,5.492,20.08,5.553,19.99,-0.444,0.0,0.0,32.71,38.37,31.04,,,4.813414000000003
11.05,19.72,5.478,19.91,5.553,19.99,-0.278,0.0,0.0,32.99,38.64,31.04,,,4.736596000000002
11.1,19.7,5.472,20.08,5.553,19.99,-0.111,0.0,0.0,33.26,38.92,31.05,,,4.703734000000006
11.15,19.72,5.478,19.91,5.553,19.99,0.111,0.0,0.0,33.54,39.2,31.05,,,4.736596000000002
11.2,19.77,5.492,20.08,5.553,19.99,0.278,0.0,0.0,33.81,39.48,31.06,,,4.813414000000003
11.25,19.86,5.517,19.91,5.553,19.99,0.5,0.0,0.0,34.09,39.75,31.06,,,4.9510765000000045
11.3,19.95,5.542,20.08,5.553,19.99,0.5,0.0,0.0,34.36,40.03,31.06,,,5.089364000000003
11.35,20.05,5.569,19.91,5.553,19.99,0.556,0.0,0.0,34.64,40.31,31.06,,,5.239416500000003
11.4,20.14,5.594,20.08,5.553,19.99,0.5,0.0,0.0,34.92,40.59,31.06,,,5.3790040000000054
11.45,20.19,5.608,19.91,5.553,19.99,0.278,0.0,0.0,35.2,40.87,31.05,,,5.457446000000001
11.5,20.2,5.611,20.08,5.553,19.99,0.056,0.0,0.0,35.48,41.14,31.05,,,5.4742805000000025
11.55,20.17,5.603,19.91,5.553,19.99,-0.167,0.0,0.0,35.76,41.42,31.05,,,5.429408500000001
11.6,20.11,5.586,20.08,5.553,19.99,-0.333,0.0,0.0,36.04,41.7,31.05,,,5.334268000000005
11.65,20.03,5.564,19.91,5.553,19.99,-0.444,0.0,0.0,36.32,41.98,31.05,,,5.211574000000004
11.7,19.95,5.542,20.08,5.553,19.99,-0.444,0.0,0.0,36.6,42.25,31.05,,,5.089364000000003
11.75,19.86,5.517,19.91,5.553,19.99,-0.5,0.0,0.0,36.87,42.53,31.05,,,4.9510765000000045
11.8,19.77,5.492,20.08,5.553,19.99,-0.5,0.0,0.0,37.15,42.81,31.05,,,4.813414000000003
11.85,19.7,5.472,19.91,5.553,19.99,-0.389,0.0,0.0,37.42,43.09,31.05,,,4.703734000000006
11.9,19.68,5.467,20.08,5.553,19.99,-0.111,0.0,0.0,37.7,43.37,31.06,,,4.676376500000002
11.95,19.71,5.475,19.91,5.553,19.99,0.167,0.0,0.0,37.97,43.64,31.06,,,4.7201605
12.0,19.78,5.494,20.08,5.553,19.99,0.389,0.0,0.0,38.24,43.92,31.07,,,4.824404000000001
12.05,19.88,5.522,19.91,5.553,19.99,0.556,0.0,0.0,38.52,44.2,31.07,,,4.978684000000005
12.1,20.0,5.556,20.08,5.553,19.99,0.667,0.0,0.0,38.8,44.48,31.07,,,5.167078000000004
12.15,20.11,5.586,19.91,5.553,19.99,0.611,0.0,0.0,39.07,44.75,31.07,,,5.334268000000005
12.2,20.21,5.614,20.08,5.553,19.99,0.556,0.0,0.0,39.35,45.03,31.07,,,5.491124000000003
12.25,20.28,5.633,19.91,5.553,19.99,0.389,0.0,0.0,39.64,45.31,31.06,,,5.598008500000004
12.3,20.3,5.639,20.08,5.553,19.99,0.111,0.0,0.0,39.92,45.59,31.06,,,5.631836500000004
12.35,20.27,5.631,19.91,5.553,19.99,-0.167,0.0,0.0,40.2,45.86,31.05,,,5.586740500000005
12.4,20.2,5.611,20.08,5.553,19.99,-0.389,0.0,0.0,40.48,46.14,31.05,,,5.4742805000000025
12.45,20.09,5.581,19.91,5.553,19.99,-0.611,0.0,0.0,40.76,46.42,31.05,,,5.306340500000005
12.5,19.98,5.55,20.08,5.553,19.99,-0.611,0.0,0.0,41.04,46.7,31.05,,,5.133748000000002
12.55,19.87,5.519,19.91,5.553,19.99,-0.611,0.0,0.0,41.31,46.97,31.05,,,4.962116500000004
12.6,19.79,5.497,20.08,5.553,19.99,-0.444,0.0,0.0,41.59,47.25,31.05,,,4.840896500000003
12.65,19.76,5.489,19.91,5.553,19.99,-0.167,0.0,0.0,41.86,47.53,31.05,,,4.796936500000003
12.7,19.8,5.5,20.08,5.553,19.99,0.222,0.0,0.0,42.14,47.81,31.06,,,4.857398000000003
12.75,19.88,5.522,19.91,5.553,19.99,0.444,0.0,0.0,42.42,48.09,31.06,,,4.978684000000005
12.8,20.0,5.556,20.08,5.553,19.99,0.667,0.0,0.0,42.69,48.36,31.06,,,5.167078000000004
12.85,20.11,5.586,19.91,5.553,19.99,0.611,0.0,0.0,42.97,48.64,31.06,,,5.334268000000005
12.9,20.21,5.614,20.08,5.553,19.99,0.556,0.0,0.0,43.25,48.92,31.06,,,5.491124000000003
12.95,20.27,5.631,19.91,5.553,19.99,0.333,0.0,0.0,43.53,49.2,31.05,,,5.586740500000005
13.0,20.3,5.639,20.08,5.553,19.99,0.167,0.0,0.0,43.81,49.48,31.05,,,5.631836500000004
13.05,20.28,5.633,19.91,5.553,19.99,-0.111,0.0,0.0,44.1,49.75,31.04,,,5.598008500000004
13.1,20.23,5.619,20.08,5.553,19.99,-0.278,0.0,0.0,44.38,50.03,31.04,,,5.519216500000002
13.15,20.15,5.597,19.91,5.553,19.99,-0.444,0.0,0.0,44.66,50.31,31.04,,,5.3957965000000065
13.2,20.05,5.569,20.08,5.553,19.99,-0.556,0.0,0.0,44.94,50.59,31.04,,,5.239416500000003
13.25,19.95,5.542,19.91,5.553,19.99,-0.556,0.0,0.0,45.21,50.86,31.04,,,5.089364000000003
13.3,19.86,5.517,20.08,5.553,19.99,-0.5,0.0,0.0,45.49,51.14,31.04,,,4.9510765000000045
13.35,19.8,5.5,19.91,5.553,19.99,-0.333,0.0,0.0,45.77,51.42,31.04,,,4.857398000000003
13.4,19.77,5.492,20.08,5.553,19.99,-0.167,0.0,0.0,46.04,51.7,31.05,,,4.813414000000003
13.45,19.8,5.5,19.91,5.553,19.99,0.167,0.0,0.0,46.32,51.97,31.05,,,4.857398000000003
13.5,19.87,5.519,20.08,5.553,19.99,0.389,0.0,0.0,46.59,52.25,31.05,,,4.962116500000004
13.55,19.97,5.547,19.91,5.553,19.99,0.556,0.0,0.0,46.87,52.53,31.05,,,5.117096500000002
13.6,20.1,5.583,20.08,5.553,19.99,0.722,0.0,0.0,47.15,52.81,31.05,,,5.317508500000004
13.65,20.24,5.622,19.91,5.553,19.99,0.778,0.0,0.0,47.43,53.08,31.05,,,5.5360840000000024
13.7,20.36,5.656,20.08,5.553,19.99,0.667,0.0,0.0,47.71,53.36,31.04,,,5.727878000000002
13.75,20.42,5.672,19.91,5.553,19.99,0.333,0.0,0.0,47.99,53.64,31.04,,,5.818534000000001
13.8,20.43,5.675,20.08,5.553,19.99,0.056,0.0,0.0,48.28,53.92,31.03,,,5.8355605000000015
13.85,20.38,5.661,19.91,5.553,19.99,-0.278,0.0,0.0,48.56,54.2,31.02,,,5.756180500000001
13.9,20.29,5.636,20.08,5.553,19.99,-0.5,0.0,0.0,48.84,54.47,31.02,,,5.614918000000003
13.95,20.18,5.606,19.91,5.553,19.99,-0.611,0.0,0.0,49.12,54.75,31.02,,,5.446228000000003
14.0,20.05,5.569,20.08,5.553,19.99,-0.722,0.0,0.0,49.4,55.03,31.02,,,5.239416500000003
14.05,19.94,5.539,19.91,5.553,19.99,-0.611,0.0,0.0,49.68,55.31,31.02,,,5.072736500000001
14.1,19.86,5.517,20.08,5.553,19.99,-0.444,0.0,0.0,49.96,55.59,31.02,,,4.9510765000000045
14.15,19.81,5.503,19.91,5.553,19.99,-0.278,0.0,0.0,50.23,55.86,31.02,,,4.873908500000004
14.2,19.81,5.503,20.08,5.553,19.99,0.0,0.0,0.0,50.51,56.14,31.02,,,4.873908500000004
14.25,19.87,5.519,19.91,5.553,19.99,0.333,0.0,0.0,50.78,56.42,31.02,,,4.962116500000004
14.3,19.95,5.542,20.08,5.553,19.99,0.444,0.0,0.0,51.06,56.7,31.03,,,5.089364000000003
14.35,20.06,5.572,19.91,5.553,19.99,0.611,0.0,0.0,51.34,56.97,31.03,,,5.256134000000003
14.4,20.16,5.6,20.08,5.553,19.99,0.556,0.0,0.0,51.62,57.25,31.02,,,5.412598000000001
14.45,20.26,5.628,19.91,5.553,19.99,0.556,0.0,0.0,51.9,57.53,31.02,,,5.569846000000004
14.5,20.32,5.644,20.08,5.553,19.99,0.333,0.0,0.0,52.18,57.81,31.02,,,5.660054000000004
14.55,20.32,5.644,19.91,5.553,19.99,0.0,0.0,0.0,52.46,58.08,31.01,,,5.660054000000004
14.6,20.27,5.631,20.08,5.553,19.99,-0.278,0.0,0.0,52.74,58.36,31.01,,,5.586740500000005
14.65,20.18,5.606,19.91,5.553,19.99,-0.5,0.0,0.0,53.02,58.64,31.0,,,5.446228000000003
14.7,20.06,5.572,20.08,5.553,19.99,-0.667,0.0,0.0,53.3,58.92,31.0,,,5.256134000000003
14.75,19.95,5.542,19.91,5.553,19.99,-0.611,0.0,0.0,53.58,59.19,31.0,,,5.089364000000003
14.8,19.87,5.519,20.08,5.553,19.99,-0.444,0.0,0.0,53.86,59.47,31.01,,,4.962116500000004
14.85,19.81,5.503,19.91,5.553,19.99,-0.333,0.0,0.0,54.13,59.75,31.01,,,4.873908500000004
14.9,19.79,5.497,20.08,5.553,19.99,-0.111,0.0,0.0,54.41,60.03,31.01,,,4.840896500000003
14.95,19.8,5.5,19.91,5.553,19.99,0.056,0.0,0.0,54.68,60.31,31.01,,,4.857398000000003
15.0,19.85,5.514,20.08,5.553,19.99,0.278,0.0,0.0,54.96,60.58,31.02,,,4.934524000000005
15.05,19.92,5.533,19.91,5.553,19.99,0.389,0.0,0.0,55.23,60.86,31.02,,,5.0395085000000055
15.1,20.02,5.561,20.08,5.553,19.99,0.556,0.0,0.0,55.51,61.14,31.02,,,5.194880500000004
15.15,20.13,5.592,19.91,5.553,19.99,0.611,0.0,0.0,55.79,61.42,31.02,,,5.367814000000001
15.2,20.22,5.617,20.08,5.553,19.99,0.5,0.0,0.0,56.07,61.7,31.01,,,5.507976500000003
15.25,20.28,5.633,19.91,5.553,19.99,0.333,0.0,0.0,56.35,61.97,31.01,,,5.598008500000004
15.3,20.29,5.636,20.08,5.553,19.99,0.056,0.0,0.0,56.63,62.25,31.01,,,5.614918000000003
15.35,20.24,5.622,19.91,5.553,19.99,-0.278,0.0,0.0,56.91,62.53,31.0,,,5.5360840000000024
15.4,20.15,5.597,20.08,5.553,19.99,-0.5,0.0,0.0,57.2,62.81,31.0,,,5.3957965000000065
15.45,20.02,5.561,19.91,5.553,19.99,-0.722,0.0,0.0,57.47,63.08,31.0,,,5.194880500000004
15.5,19.9,5.528,20.08,5.553,19.99,-0.667,0.0,0.0,57.75,63.36,31.0,,,5.011846000000002
15.55,19.79,5.497,19.91,5.553,19.99,-0.611,0.0,0.0,58.03,63.64,31.0,,,4.840896500000003
15.6,19.72,5.478,20.08,5.553,19.99,-0.389,0.0,0.0,58.3,63.92,31.0,,,4.736596000000002
15.65,19.69,5.469,19.91,5.553,19.99,-0.167,0.0,0.0,58.57,64.19,31.01,,,4.687316500000005
15.7,19.72,5.478,20.08,5.553,19.99,0.167,0.0,0.0,58.85,64.47,31.01,,,4.736596000000002
15.75,19.78,5.494,19.91,5.553,19.99,0.333,0.0,0.0,59.12,64.75,31.02,,,4.824404000000001
15.8,19.87,5.519,20.08,5.553,19.99,0.5,0.0,0.0,59.4,65.03,31.02,,,4.962116500000004
15.85,19.97,5.547,19.91,5.553,19.99,0.556,0.0,0.0,59.67,65.3,31.02,,,5.117096500000002
15.9,20.04,5.567,20.08,5.553,19.99,0.389,0.0,0.0,59.95,65.58,31.02,,,5.228276500000003
15.95,20.11,5.586,19.91,5.553,19.99,0.389,0.0,0.0,60.23,65.86,31.02,,,5.334268000000005
16.0,20.14,5.594,20.08,5.553,19.99,0.167,0.0,0.0,60.51,66.14,31.02,,,5.3790040000000054
16.05,20.14,5.594,19.91,5.553,19.99,0.0,0.0,0.0,60.79,66.42,31.01,,,5.3790040000000054
16.1,20.1,5.583,20.08,5.553,19.99,-0.222,0.0,0.0,61.07,66.69,31.01,,,5.317508500000004
16.15,20.02,5.561,19.91,5.553,19.99,-0.444,0.0,0.0,61.35,66.97,31.01,,,5.194880500000004
16.2,19.92,5.533,20.08,5.553,19.99,-0.556,0.0,0.0,61.63,67.25,31.01,,,5.0395085000000055
16.25,19.82,5.506,19.91,5.553,19.99,-0.556,0.0,0.0,61.9,67.53,31.01,,,4.8904280000000035
16.3,19.72,5.478,20.08,5.553,19.99,-0.556,0.0,0.0,62.18,67.81,31.02,,,4.736596000000002
16.35,19.67,5.464,19.91,5.553,19.99,-0.278,0.0,0.0,62.45,68.08,31.02,,,4.659974000000005
16.4,19.69,5.469,20.08,5.553,19.99,0.111,0.0,0.0,62.72,68.36,31.03,,,4.687316500000005
16.45,19.74,5.483,19.91,5.553,19.99,0.278,0.0,0.0,63.0,68.64,31.03,,,4.764008500000001
16.5,19.84,5.511,20.08,5.553,19.99,0.556,0.0,0.0,63.27,68.92,31.03,,,4.917980500000004
16.55,19.95,5.542,19.91,5.553,19.99,0.611,0.0,0.0,63.55,69.19,31.03,,,5.089364000000003
16.6,20.07,5.575,20.08,5.553,19.99,0.667,0.0,0.0,63.83,69.47,31.03,,,5.2728605000000055
16.65,20.18,5.606,19.91,5.553,19.99,0.611,0.0,0.0,64.11,69.75,31.03,,,5.446228000000003
16.7,20.26,5.628,20.08,5.553,19.99,0.444,0.0,0.0,64.39,70.03,31.03,,,5.569846000000004
16.75,20.29,5.636,19.91,5.553,19.99,0.167,0.0,0.0,64.67,70.3,31.02,,,5.614918000000003
16.8,20.26,5.628,20.08,5.553,19.99,-0.167,0.0,0.0,64.95,70.58,31.02,,,5.569846000000004
16.85,20.19,5.608,19.91,5.553,19.99,-0.389,0.0,0.0,65.23,70.86,31.02,,,5.457446000000001
16.9,20.08,5.578,20.08,5.553,19.99,-0.611,0.0,0.0,65.51,71.14,31.02,,,5.289596000000005
16.95,19.95,5.542,19.91,5.553,19.99,-0.722,0.0,0.0,65.79,71.41,31.01,,,5.089364000000003
17.0,19.84,5.511,20.08,5.553,19.99,-0.611,0.0,0.0,66.06,71.69,31.02,,,4.917980500000004
17.05,19.75,5.486,19.91,5.553,19.99,-0.5,0.0,0.0,66.34,71.97,31.02,,,4.780468000000003
17.1,19.71,5.475,20.08,5.553,19.99,-0.222,0.0,0.0,66.61,72.25,31.02,,,4.7201605
17.15,19.73,5.481,19.91,5.553,19.99,0.111,0.0,0.0,66.89,72.53,31.03,,,4.753040500000003
17.2,19.81,5.503,20.08,5.553,19.99,0.444,0.0,0.0,67.16,72.8,31.03,,,4.873908500000004
17.25,19.93,5.536,19.91,5.553,19.99,0.667,0.0,0.0,67.44,73.08,31.03,,,5.0561180000000014
17.3,20.06,5.572,20.08,5.553,19.99,0.722,0.0,0.0,67.72,73.36,31.03,,,5.256134000000003
17.35,20.2,5.611,19.91,5.553,19.99,0.778,0.0,0.0,68.0,73.64,31.03,,,5.4742805000000025
17.4,20.3,5.639,20.08,5.553,19.99,0.556,0.0,0.0,68.28,73.91,31.03,,,5.631836500000004
17.45,20.36,5.656,19.91,5.553,19.99,0.333,0.0,0.0,68.56,74.19,31.02,,,5.727878000000002
17.5,20.34,5.65,20.08,5.553,19.99,-0.111,0.0,0.0,68.84,74.47,31.02,,,5.693948000000004
17.55,20.25,5.625,19.91,5.553,19.99,-0.5,0.0,0.0,69.12,74.75,31.01,,,5.552960500000005
17.6,20.11,5.586,20.08,5.553,19.99,-0.778,0.0,0.0,69.4,75.03,31.01,,,5.334268000000005
17.65,19.95,5.542,19.91,5.553,19.99,-0.889,0.0,0.0,69.68,75.3,31.01,,,5.089364000000003
17.7,19.8,5.5,20.08,5.553,19.99,-0.833,0.0,0.0,69.96,75.58,31.01,,,4.857398000000003
17.75,19.68,5.467,19.91,5.553,19.99,-0.667,0.0,0.0,70.23,75.86,31.02,,,4.676376500000002
17.8,19.62,5.45,20.08,5.553,19.99,-0.333,0.0,0.0,70.5,76.14,31.02,,,4.583548000000004
17.85,19.63,5.453,19.91,5.553,19.99,0.056,0.0,0.0,70.78,76.41,31.03,,,4.599908500000005
17.9,19.72,5.478,20.08,5.553,19.99,0.5,0.0,0.0,71.05,76.69,31.03,,,4.736596000000002
17.95,19.85,5.514,19.91,5.553,19.99,0.722,0.0,0.0,71.32,76.97,31.03,,,4.934524000000005
18.0,20.0,5.556,20.08,5.553,19.99,0.833,0.0,0.0,71.6,77.25,31.03,,,5.167078000000004
18.05,20.15,5.597,19.91,5.553,19.99,0.833,0.0,0.0,71.88,77.52,31.03,,,5.3957965000000065
18.1,20.26,5.628,20.08,5.553,19.99,0.611,0.0,0.0,72.16,77.8,31.03,,,5.569846000000004
18.15,20.31,5.642,19.91,5.553,19.99,0.278,0.0,0.0,72.44,78.08,31.03,,,5.648764000000005
18.2,20.32,5.644,20.08,5.553,19.99,0.056,0.0,0.0,72.73,78.36,31.02,,,5.660054000000004
18.25,20.27,5.631,19.91,5.553,19.99,-0.278,0.0,0.0,73.01,78.64,31.02,,,5.586740500000005
18.3,20.18,5.606,20.08,5.553,19.99,-0.5,0.0,0.0,73.29,78.91,31.01,,,5.446228000000003
18.35,20.06,5.572,19.91,5.553,19.99,-0.667,0.0,0.0,73.57,79.19,31.01,,,5.256134000000003
18.4,19.94,5.539,20.08,5.553,19.99,-0.667,0.0,0.0,73.85,79.47,31.01,,,5.072736500000001
18.45,19.84,5.511,19.91,5.553,19.99,-0.556,0.0,0.0,74.12,79.75,31.01,,,4.917980500000004
18.5,19.79,5.497,20.08,5.553,19.99,-0.278,0.0,0.0,74.4,80.02,31.02,,,4.840896500000003
18.55,19.77,5.492,19.91,5.553,19.99,-0.111,0.0,0.0,74.67,80.3,31.02,,,4.813414000000003
18.6,19.81,5.503,20.08,5.553,19.99,0.222,0.0,0.0,74.95,80.58,31.02,,,4.873908500000004
18.65,19.88,5.522,19.91,5.553,19.99,0.389,0.0,0.0,75.22,80.86,31.02,,,4.978684000000005
18.7,19.98,5.55,19.99,5.55,19.98,0.556,-0.056,0.0,75.5,81.13,31.02,,,5.144851000000001
18.75,20.1,5.583,19.91,5.55,19.98,0.667,0.0,0.0,75.78,81.41,31.02,,,5.328611500000003
18.8,20.21,5.614,20.08,5.55,19.98,0.611,0.0,0.0,76.06,81.69,31.02,,,5.502227000000001
18.85,20.29,5.636,19.91,5.55,19.98,0.444,0.0,0.0,76.34,81.97,31.02,,,5.6260210000000015
18.9,20.33,5.647,20.08,5.55,19.98,0.222,0.0,0.0,76.62,82.25,31.01,,,5.688099500000003
18.95,20.32,5.644,19.91,5.55,19.98,-0.056,0.0,0.0,76.9,82.52,31.01,,,5.671157000000003
19.0,20.25,5.625,20.08,5.55,19.98,-0.389,0.0,0.0,77.18,82.8,31.0,,,5.564063500000003
19.05,20.14,5.594,19.91,5.55,19.98,-0.611,0.0,0.0,77.47,83.08,31.0,,,5.390107000000004
19.1,20.02,5.561,20.08,5.55,19.98,-0.667,0.0,0.0,77.74,83.36,31.0,,,5.205983500000002
19.15,19.89,5.525,19.91,5.55,19.98,-0.722,0.0,0.0,78.02,83.63,31.0,,,5.006363500000003
19.2,19.78,5.494,20.08,5.553,19.99,-0.611,0.056,0.0,78.3,83.91,31.0,,,4.824404000000001
19.25,19.72,5.478,19.91,5.553,19.99,-0.333,0.0,0.0,78.57,84.19,31.01,,,4.736596000000002
19.3,19.7,5.472,20.08,5.553,19.99,-0.111,0.0,0.0,78.84,84.47,31.01,,,4.703734000000006
19.35,19.73,5.481,19.91,5.553,19.99,0.167,0.0,0.0,79.12,84.74,31.02,,,4.753040500000003
19.4,19.79,5.497,20.08,5.553,19.99,0.333,0.0,0.0,79.39,85.02,31.02,,,4.840896500000003
19.45,19.88,5.522,19.91,5.553,19.99,0.5,0.0,0.0,79.67,85.3,31.02,,,4.978684000000005
19.5,19.97,5.547,20.08,5.553,19.99,0.5,0.0,0.0,79.94,85.58,31.02,,,5.117096500000002
19.55,20.05,5.569,19.91,5.553,19.99,0.444,0.0,0.0,80.22,85.86,31.02,,,5.239416500000003
19.6,20.13,5.592,20.08,5.553,19.99,0.444,0.0,0.0,80.5,86.13,31.02,,,5.367814000000001
19.65,20.18,5.606,19.91,5.553,19.99,0.278,0.0,0.0,80.78,86.41,31.02,,,5.446228000000003
19.7,20.2,5.611,20.08,5.553,19.99,0.111,0.0,0.0,81.06,86.69,31.02,,,5.4742805000000025
19.75,20.17,5.603,19.91,5.553,19.99,-0.167,0.0,0.0,81.34,86.97,31.01,,,5.429408500000001
19.8,20.1,5.583,20.08,5.553,19.99,-0.389,0.0,0.0,81.62,87.24,31.01,,,5.317508500000004
19.85,20.01,5.558,19.91,5.553,19.99,-0.5,0.0,0.0,81.9,87.52,31.01,,,5.178196000000002
19.9,19.9,5.528,20.08,5.553,19.99,-0.611,0.0,0.0,82.18,87.8,31.01,,,5.011846000000002
19.95,19.81,5.503,19.91,5.553,19.99,-0.5,0.0,0.0,82.45,88.08,31.01,,,4.873908500000004
20.0,19.76,5.489,20.08,5.553,19.99,-0.278,0.0,0.0,82.73,88.36,31.02,,,4.796936500000003
20.05,19.76,5.489,19.91,5.553,19.99,0.0,0.0,0.0,83.0,88.63,31.02,,START,4.796936500000003
20.1,19.81,5.503,19.95,5.55,19.98,0.278,-0.056,0.0,83.28,88.91,31.02,,,4.885011500000003
20.15,19.9,5.528,16.83,5.464,19.67,0.5,-1.722,0.0,83.55,89.17,31.0,,,5.338683666666665
20.2,20.02,5.561,14.84,5.319,19.15,0.667,-2.889,0.0,83.83,89.39,30.95,,,6.042896500000001
20.25,20.15,5.597,14.62,5.172,18.62,0.722,-2.944,0.0,84.11,89.62,30.89,,,6.757871500000006
20.3,20.26,5.628,14.28,5.011,18.04,0.611,-3.222,0.0,84.39,89.83,30.83,,,7.4784086666666685
20.35,20.32,5.644,13.83,4.842,17.43,0.333,-3.389,0.0,84.67,90.05,30.76,,,8.123669000000003
20.4,20.31,5.642,13.31,4.656,16.76,-0.056,-3.722,0.0,84.96,90.25,30.69,,,8.701255000000003
20.45,20.25,5.625,12.72,4.456,16.04,-0.333,-4.0,0.0,85.24,90.45,30.61,,,9.212918166666668
20.5,20.15,5.597,12.11,4.233,15.24,-0.556,-4.444,0.0,85.52,90.65,30.52,,,9.701636500000006
20.55,20.04,5.567,11.48,4.0,14.4,-0.611,-4.667,0.0,85.8,90.83,30.43,,,10.173546166666668
20.6,19.94,5.539,10.97,3.75,13.5,-0.556,-5.0,0.0,86.07,91.02,30.33,,,10.6638395
20.65,19.86,5.517,10.36,3.569,12.85,-0.444,-3.611,0.0,86.35,91.2,30.23,,,10.983759166666669
20.7,19.8,5.5,9.77,3.431,12.35,-0.333,-2.778,0.0,86.63,91.36,30.13,,,11.212080666666669
20.75,19.77,5.492,9.16,3.278,11.8,-0.167,-3.056,0.0,86.9,91.52,30.01,,,11.51025566666667
20.8,19.79,5.497,8.53,3.117,11.22,0.111,-3.222,0.0,87.17,91.67,29.89,,,11.880936500000002
20.85,19.86,5.517,7.88,2.953,10.63,0.389,-3.278,0.0,87.45,91.81,29.75,,,12.32294316666667
20.9,19.96,5.544,7.22,2.783,10.02,0.556,-3.389,0.0,87.73,91.94,29.61,,,12.797360666666666
20.95,20.08,5.578,6.55,2.611,9.4,0.667,-3.444,0.0,88.0,92.07,29.45,,,13.29575866666667
21.0,20.21,5.614,5.86,2.439,8.78,0.722,-3.444,0.0,88.28,92.18,29.28,,,13.786820000000002
21.05,20.29,5.636,5.16,2.264,8.15,0.444,-3.5,0.0,88.57,92.28,29.1,,,14.184955666666669
21.1,20.33,5.647,4.46,2.081,7.49,0.222,-3.667,0.0,88.85,92.37,28.91,,,14.51207916666667
21.15,20.31,5.642,3.74,1.897,6.83,-0.111,-3.667,0.0,89.13,92.45,28.71,,,14.727830666666671
21.2,20.25,5.625,3.03,1.711,6.16,-0.333,-3.722,0.0,89.41,92.52,28.5,,,14.85572316666667
21.25,20.16,5.6,2.31,1.519,5.47,-0.5,-3.833,0.0,89.69,92.59,28.28,,,14.922080666666666
21.3,20.05,5.569,1.6,1.328,4.78,-0.611,-3.833,0.0,89.97,92.64,28.05,,,14.930158166666669
21.35,19.94,5.539,0.57,1.125,4.05,-0.611,-4.056,0.0,90.25,92.64,27.78,,,14.9294645
21.4,19.84,5.511,0.8,0.947,3.41,-0.556,-3.556,0.0,90.53,92.65,27.5,,,14.897647166666669
21.45,19.76,5.489,0.89,0.789,2.84,-0.444,-3.167,0.0,90.8,92.66,27.23,,,14.868032500000002
21.5,19.74,5.483,0.86,0.65,2.34,-0.111,-2.778,0.0,91.07,92.67,26.96,,,14.901778166666666
21.55,19.79,5.497,0.76,0.528,1.9,0.278,-2.444,0.0,91.35,92.68,26.69,,,15.026571500000001
21.6,19.92,5.533,0.61,0.422,1.52,0.722,-2.111,0.0,91.63,92.69,26.42,,,15.25875016666667
21.65,20.08,5.578,0.45,0.331,1.19,0.889,-1.833,0.0,91.9,92.7,26.14,,,15.53167866666667
21.7,20.25,5.625,0.29,0.253,0.91,0.944,-1.556,0.0,92.18,92.7,25.87,,,15.81022716666667
21.75,20.41,5.669,0.16,0.194,0.7,0.889,-1.167,0.0,92.47,92.7,25.59,,,16.067574166666667
21.8,20.52,5.7,0.06,0.153,0.55,0.611,-0.833,0.0,92.75,92.7,25.3,,,16.248598000000005
21.85,20.56,5.711,0.07,0.139,0.5,0.222,-0.278,0.0,93.04,92.71,25.02,,,16.31274316666667
21.9,20.53,5.703,0.11,0.119,0.43,-0.167,-0.389,0.0,93.32,92.71,24.73,,,16.268791166666666
21.95,20.42,5.672,0.13,0.097,0.35,-0.611,-0.444,0.0,93.61,92.71,24.45,,,16.094000666666666
22.0,20.28,5.633,0.14,0.078,0.28,-0.778,-0.389,0.0,93.89,92.71,24.17,,,15.874583500000004
22.05,20.14,5.594,0.13,0.061,0.22,-0.778,-0.333,0.0,94.17,92.71,23.89,,,15.65636666666667
22.1,20.01,5.558,0.11,0.047,0.17,-0.722,-0.278,0.0,94.45,92.72,23.61,,,15.456062666666666
22.15,19.9,5.528,0.08,0.036,0.13,-0.611,-0.222,0.0,94.72,92.72,23.33,,,15.290017
22.2,19.84,5.511,0.06,0.028,0.1,-0.333,-0.167,0.0,95.0,92.72,23.06,,,15.19632216666667
22.25,19.81,5.503,0.03,0.025,0.09,-0.167,-0.056,0.0,95.28,92.72,22.78,,,15.15230316666667
22.3,19.81,5.503,0.01,0.025,0.09,0.0,0.0,0.0,95.55,92.72,22.5,,,15.15230316666667
22.35,19.8,5.5,0.01,0.022,0.08,-0.056,-0.056,0.0,95.83,92.72,22.23,,,15.13583966666667
22.4,19.79,5.497,0.01,0.019,0.07,-0.056,-0.056,0.0,96.1,92.72,21.95,,,15.119379166666668
22.45,19.76,5.489,0.02,0.017,0.06,-0.167,-0.056,0.0,96.38,92.72,21.68,,,15.075443166666668
22.5,19.7,5.472,0.02,0.014,0.05,-0.333,-0.056,0.0,96.65,92.72,21.41,,,14.982271666666671
22.55,19.61,5.447,0.0,0.011,0.04,-0.5,-0.056,0.0,96.92,92.72,21.13,,,14.84575916666667
22.6,19.49,5.414,0.0,0.006,0.02,-0.667,-0.111,0.0,97.19,92.72,20.86,,,14.666515
22.65,19.35,5.375,0.0,0.006,0.02,-0.778,0.0,0.0,97.46,92.72,20.59,,,14.456051500000001
22.7,19.2,5.333,0.0,0.003,0.01,-0.833,-0.056,0.0,97.73,92.72,20.32,,,14.231108500000005
22.75,19.06,5.294,0.0,0.003,0.01,-0.778,0.0,0.0,98.0,92.72,20.06,,,14.023804
22.8,18.93,5.258,0.0,0.003,0.01,-0.722,0.0,0.0,98.26,92.72,19.8,,,13.833796000000003
22.85,18.81,5.225,0.0,0.003,0.01,-0.667,0.0,0.0,98.52,92.72,19.53,,,13.6607605
22.9,18.7,5.194,0.0,0.0,0.0,-0.611,-0.056,0.0,98.78,92.72,19.27,4.09,END,13.499207000000002
22.95,18.61,5.169,0.0,0.0,0.0,-0.5,0.0,0.0,99.04,92.72,19.01,,,13.369619499999999
23.0,18.51,5.142,0.0,0.0,0.0,-0.556,0.0,0.0,99.3,92.72,18.76,,,13.230367000000003
23.05,18.41,5.114,0.0,0.0,0.0,-0.556,0.0,0.0,99.55,92.72,18.5,,,13.086727
23.1,18.29,5.081,0.0,0.0,0.0,-0.667,0.0,0.0,99.81,92.72,18.25,,,12.918443500000002
23.15,18.16,5.044,0.0,0.0,0.0,-0.722,0.0,0.0,100.06,92.72,17.99,,,12.731057
23.2,18.01,5.003,0.0,0.0,0.0,-0.833,0.0,0.0,100.31,92.72,17.74,,,12.525011500000003
23.25,17.85,4.958,0.0,0.0,0.0,-0.889,0.0,0.0,100.56,92.72,17.49,,,12.300799000000003
23.3,17.69,4.914,0.0,0.0,0.0,-0.889,0.0,0.0,100.81,92.72,17.25,,,12.083527
23.35,17.52,4.867,0.0,0.0,0.0,-0.944,0.0,0.0,101.05,92.72,17.0,,,11.8535795
23.4,17.36,4.822,0.0,0.0,0.0,-0.889,0.0,0.0,101.29,92.72,16.76,,,11.635487000000001
23.45,17.22,4.783,0.0,0.0,0.0,-0.778,0.0,0.0,101.53,92.72,16.52,,,11.448111500000003
23.5,17.07,4.742,0.0,0.0,0.0,-0.833,0.0,0.0,101.77,92.72,16.28,,,11.252767000000002
23.55,16.91,4.697,0.0,0.0,0.0,-0.889,0.0,0.0,102.01,92.72,16.05,,,11.040299500000003
23.6,16.75,4.653,0.0,0.0,0.0,-0.889,0.0,0.0,102.24,92.72,15.81,,,10.8345115
23.65,16.6,4.611,0.0,0.0,0.0,-0.833,0.0,0.0,102.47,92.72,15.58,,,10.6398835
23.7,16.42,4.561,0.0,0.0,0.0,-1.0,0.0,0.0,102.7,92.72,15.35,,,10.410483500000002
23.75,16.24,4.511,0.0,0.0,0.0,-1.0,0.0,0.0,102.93,92.72,15.13,,,10.183583500000001
23.8,16.06,4.461,0.0,0.0,0.0,-1.0,0.0,0.0,103.15,92.72,14.9,,,9.959183500000002
23.85,15.86,4.406,0.0,0.0,0.0,-1.111,0.0,0.0,103.37,92.72,14.68,,,9.715231
23.9,15.64,4.344,0.0,0.0,0.0,-1.222,0.0,0.0,103.59,92.72,14.46,,,9.443857000000003
23.95,15.42,4.283,0.0,0.0,0.0,-1.222,0.0,0.0,103.81,92.72,14.25,,,9.180611500000003
24.0,15.2,4.222,0.0,0.0,0.0,-1.222,0.0,0.0,104.02,92.72,14.03,,,8.921087000000002
24.05,14.98,4.161,0.0,0.0,0.0,-1.222,0.0,0.0,104.23,92.72,13.83,,,8.6652835
24.1,14.77,4.103,0.0,0.0,0.0,-1.167,0.0,0.0,104.44,92.72,13.62,,,8.425511499999999
24.15,14.59,4.053,0.0,0.0,0.0,-1.0,0.0,0.0,104.64,92.72,13.42,,,8.2215115
24.2,14.4,4.0,0.0,0.0,0.0,-1.056,0.0,0.0,104.84,92.72,13.21,,,8.008001000000002
24.25,14.2,3.944,0.0,0.0,0.0,-1.111,0.0,0.0,105.04,92.72,13.02,,,7.785456999999999
24.3,13.99,3.886,0.0,0.0,0.0,-1.167,0.0,0.0,105.23,92.72,12.82,,,7.558271
24.35,13.76,3.822,0.0,0.0,0.0,-1.278,0.0,0.0,105.43,92.72,12.63,,,7.311487
24.4,13.53,3.758,0.0,0.0,0.0,-1.278,0.0,0.0,105.62,92.72,12.44,,,7.068798999999999
24.45,13.28,3.689,0.0,0.0,0.0,-1.389,0.0,0.0,105.8,92.72,12.25,,,6.8117395
24.5,13.02,3.617,0.0,0.0,0.0,-1.444,0.0,0.0,105.98,92.72,12.07,,,6.5485795
24.55,12.74,3.539,0.0,0.0,0.0,-1.556,0.0,0.0,106.16,92.72,11.89,,,6.2693395
24.6,12.46,3.461,0.0,0.0,0.0,-1.556,0.0,0.0,106.34,92.72,11.72,,,5.996183499999999
24.65,12.2,3.389,0.0,0.0,0.0,-1.444,0.0,0.0,106.51,92.72,11.55,,,5.7494394999999985
24.7,11.96,3.322,0.0,0.0,0.0,-1.333,0.0,0.0,106.68,92.72,11.38,,,5.524487000000001
24.75,11.71,3.253,0.0,0.0,0.0,-1.389,0.0,0.0,106.84,92.72,11.22,,,5.2975115
24.8,11.48,3.189,0.0,0.0,0.0,-1.278,0.0,0.0,107.0,92.72,11.06,,,5.0912395
24.85,11.25,3.125,0.0,0.0,0.0,-1.278,0.0,0.0,107.16,92.72,10.9,,,4.8890635
24.9,10.96,3.044,0.0,0.0,0.0,-1.611,0.0,0.0,107.31,92.72,10.74,,,4.639056999999999
24.95,10.61,2.947,0.0,0.0,0.0,-1.944,0.0,0.0,107.46,92.72,10.59,,,4.3482995
25.0,10.21,2.836,0.0,0.0,0.0,-2.222,0.0,0.0,107.6,92.72,10.45,,,4.027120999999999
25.05,9.8,2.722,0.0,0.0,0.0,-2.278,0.0,0.0,107.74,92.72,10.31,,,3.7100869999999997
25.1,9.4,2.611,0.0,0.0,0.0,-2.222,0.0,0.0,107.88,92.72,10.18,,,3.4138835000000003
25.15,9.03,2.508,0.0,0.0,0.0,-2.056,0.0,0.0,108.0,92.72,10.05,,,3.1500489999999997
25.2,8.7,2.417,0.0,0.0,0.0,-1.833,0.0,0.0,108.13,92.72,9.93,,,2.925779499999999
25.25,8.42,2.339,0.0,0.0,0.0,-1.556,0.0,0.0,108.24,92.72,9.81,,,2.7401394999999997
25.3,8.18,2.272,0.0,0.0,0.0,-1.333,0.0,0.0,108.36,92.72,9.7,,,2.5855369999999995
25.35,7.91,2.197,0.0,0.0,0.0,-1.5,0.0,0.0,108.47,92.72,9.58,,,2.4177994999999997
25.4,7.68,2.133,0.0,0.0,0.0,-1.278,0.0,0.0,108.58,92.72,9.48,,,2.2791114999999995
25.45,7.4,2.056,0.0,0.0,0.0,-1.556,0.0,0.0,108.68,92.72,9.37,,,2.117681
25.5,6.94,1.928,0.0,0.0,0.0,-2.556,0.0,0.0,108.78,92.72,9.27,,,1.8624489999999996
25.55,6.4,1.778,0.0,0.0,0.0,-3.0,0.0,0.0,108.87,92.72,9.18,,,1.5841989999999997
25.6,5.85,1.625,0.0,0.0,0.0,-3.056,0.0,0.0,108.96,92.72,9.1,,,1.3235635
25.65,5.29,1.469,0.0,0.0,0.0,-3.111,0.0,0.0,109.03,92.72,9.02,,,1.0819195
25.7,4.74,1.317,0.0,0.0,0.0,-3.056,0.0,0.0,109.1,92.72,8.95,,,0.8698794999999998
25.75,4.19,1.164,0.0,0.0,0.0,-3.056,0.0,0.0,109.16,92.72,8.89,,,0.6797769999999997
25.8,3.6,1.0,0.0,0.0,0.0,-3.278,0.0,0.0,109.22,92.72,8.84,,,0.5020009999999998
25.85,1.6,0.444,0.0,0.0,0.0,-11.111,0.0,0.0,109.25,92.72,8.8,,,0.099457
25.9,0.01,0.003,0.0,0.0,0.0,-8.833,0.0,0.0,109.26,92.72,8.8,,,1.15e-05
25.95,0.0,0.0,0.0,0.0,0.0,-0.056,0.0,0.0,109.26,92.72,8.8,,,1e-06
26.0,0.0,0.0,0.0,0.0,0.0,0.0,0.0,0.0,109.26,92.72,8.8,,,1e-06
26.05,0.0,0.0,0.0,0.0,0.0,0.0,0.0,0.0,109.26,92.72,8.8,,,1e-06
26.1,0.0,0.0,0.0,0.0,0.0,0.0,0.0,0.0,109.26,92.72,8.8,,,1e-06
26.15,0.0,0.0,0.0,0.0,0.0,0.0,0.0,0.0,109.26,92.72,8.8,,,1e-06
26.2,0.0,0.0,0.0,0.0,0.0,0.0,0.0,0.0,109.26,92.72,8.8,,,1e-06
26.25,0.0,0.0,0.0,0.0,0.0,0.0,0.0,0.0,109.26,92.72,8.8,,,1e-06
26.3,0.0,0.0,0.0,0.0,0.0,0.0,0.0,0.0,109.26,92.72,8.8,,,1e-06
26.35,0.0,0.0,0.0,0.0,0.0,0.0,0.0,0.0,109.26,92.72,8.8,,,1e-06
26.4,0.0,0.0,0.0,0.0,0.0,0.0,0.0,0.0,109.26,92.72,8.8,,,1e-06
26.45,0.0,0.0,0.0,0.0,0.0,0.0,0.0,0.0,109.26,92.72,8.8,,,1e-06
26.5,0.0,0.0,0.0,0.0,0.0,0.0,0.0,0.0,109.26,92.72,8.8,,,1e-06
26.55,0.0,0.0,0.0,0.0,0.0,0.0,0.0,0.0,109.26,92.72,8.8,,,1e-06
26.6,0.0,0.0,0.0,0.0,0.0,0.0,0.0,0.0,109.26,92.72,8.8,,,1e-06
26.65,0.0,0.0,0.0,0.0,0.0,0.0,0.0,0.0,109.26,92.72,8.8,,,1e-06
26.7,0.0,0.0,0.0,0.0,0.0,0.0,0.0,0.0,109.26,92.72,8.8,,,1e-06
26.75,0.0,0.0,0.0,0.0,0.0,0.0,0.0,0.0,109.26,92.72,8.8,,,1e-06
26.8,0.0,0.0,0.0,0.0,0.0,0.0,0.0,0.0,109.26,92.72,8.8,,,1e-06
26.85,0.0,0.0,0.0,0.0,0.0,0.0,0.0,0.0,109.26,92.72,8.8,,,1e-06
26.9,0.0,0.0,0.0,0.0,0.0,0.0,0.0,0.0,109.26,92.72,8.8,,,1e-06
26.95,0.0,0.0,0.0,0.0,0.0,0.0,0.0,0.0,109.26,92.72,8.8,,,1e-06
27.0,0.0,0.0,0.0,0.0,0.0,0.0,0.0,0.0,109.26,92.72,8.8,,,1e-06
27.05,0.0,0.0,0.0,0.0,0.0,0.0,0.0,0.0,109.26,92.72,8.8,,,1e-06
27.1,0.0,0.0,0.0,0.0,0.0,0.0,0.0,0.0,109.26,92.72,8.8,,,1e-06
27.15,0.0,0.0,0.0,0.0,0.0,0.0,0.0,0.0,109.26,92.72,8.8,,,1e-06
27.2,0.0,0.0,0.0,0.0,0.0,0.0,0.0,0.0,109.26,92.72,8.8,,,1e-06
27.25,0.0,0.0,0.0,0.0,0.0,0.0,0.0,0.0,109.26,92.72,8.8,,,1e-06
27.3,0.0,0.0,0.0,0.0,0.0,0.0,0.0,0.0,109.26,92.72,8.8,,,1e-06
27.35,0.0,0.0,0.0,0.0,0.0,0.0,0.0,0.0,109.26,92.72,8.8,,,1e-06
27.4,0.0,0.0,0.0,0.0,0.0,0.0,0.0,0.0,109.26,92.72,8.8,,,1e-06
27.45,0.0,0.0,0.0,0.0,0.0,0.0,0.0,0.0,109.26,92.72,8.8,,,1e-06
27.5,0.0,0.0,0.0,0.0,0.0,0.0,0.0,0.0,109.26,92.72,8.8,,,1e-06
27.55,0.0,0.0,0.0,0.0,0.0,0.0,0.0,0.0,109.26,92.72,8.8,,,1e-06
27.6,0.0,0.0,0.0,0.0,0.0,0.0,0.0,0.0,109.26,92.72,8.8,,,1e-06
27.65,0.0,0.0,0.0,0.0,0.0,0.0,0.0,0.0,109.26,92.72,8.8,,,1e-06
27.7,0.0,0.0,0.0,0.0,0.0,0.0,0.0,0.0,109.26,92.72,8.8,,,1e-06
27.75,0.0,0.0,0.0,0.0,0.0,0.0,0.0,0.0,109.26,92.72,8.8,,,1e-06
27.8,0.0,0.0,0.0,0.0,0.0,0.0,0.0,0.0,109.26,92.72,8.8,,,1e-06
27.85,0.0,0.0,0.0,0.0,0.0,0.0,0.0,0.0,109.26,92.72,8.8,,,1e-06
27.9,0.0,0.0,0.0,0.0,0.0,0.0,0.0,0.0,109.26,92.72,8.8,,,1e-06
27.95,0.0,0.0,0.0,0.0,0.0,0.0,0.0,0.0,109.26,92.72,8.8,,,1e-06
28.0,0.0,0.0,0.0,0.0,0.0,0.0,0.0,0.0,109.26,92.72,8.8,,,1e-06
28.05,0.0,0.0,0.0,0.0,0.0,0.0,0.0,0.0,109.26,92.72,8.8,,,1e-06
28.1,0.0,0.0,0.0,0.0,0.0,0.0,0.0,0.0,109.26,92.72,8.8,,,1e-06
28.15,0.0,0.0,0.0,0.0,0.0,0.0,0.0,0.0,109.26,92.72,8.8,,,1e-06
28.2,0.0,0.0,0.0,0.0,0.0,0.0,0.0,0.0,109.26,92.72,8.8,,,1e-06
28.25,0.0,0.0,0.0,0.0,0.0,0.0,0.0,0.0,109.26,92.72,8.8,,,1e-06
28.3,0.0,0.0,0.0,0.0,0.0,0.0,0.0,0.0,109.26,92.72,8.8,,,1e-06
28.35,0.0,0.0,0.0,0.0,0.0,0.0,0.0,0.0,109.26,92.72,8.8,,,1e-06
28.4,0.0,0.0,0.0,0.0,0.0,0.0,0.0,0.0,109.26,92.72,8.8,,,1e-06
28.45,0.0,0.0,0.0,0.0,0.0,0.0,0.0,0.0,109.26,92.72,8.8,,,1e-06
28.5,0.0,0.0,0.0,0.0,0.0,0.0,0.0,0.0,109.26,92.72,8.8,,,1e-06
28.55,0.0,0.0,0.0,0.0,0.0,0.0,0.0,0.0,109.26,92.72,8.8,,,1e-06
28.6,0.0,0.0,0.0,0.0,0.0,0.0,0.0,0.0,109.26,92.72,8.8,,,1e-06
28.65,0.0,0.0,0.0,0.0,0.0,0.0,0.0,0.0,109.26,92.72,8.8,,,1e-06
28.7,0.0,0.0,0.0,0.0,0.0,0.0,0.0,0.0,109.26,92.72,8.8,,,1e-06
28.75,0.0,0.0,0.0,0.0,0.0,0.0,0.0,0.0,109.26,92.72,8.8,,,1e-06
28.8,0.0,0.0,0.0,0.0,0.0,0.0,0.0,0.0,109.26,92.72,8.8,,,1e-06
28.85,0.0,0.0,0.0,0.0,0.0,0.0,0.0,0.0,109.26,92.72,8.8,,,1e-06
28.9,0.0,0.0,0.0,0.0,0.0,0.0,0.0,0.0,109.26,92.72,8.8,,,1e-06
28.95,0.0,0.0,0.0,0.0,0.0,0.0,0.0,0.0,109.26,92.72,8.8,,,1e-06
29.0,0.0,0.0,0.0,0.0,0.0,0.0,0.0,0.0,109.26,92.72,8.8,,,1e-06
29.05,0.0,0.0,0.0,0.0,0.0,0.0,0.0,0.0,109.26,92.72,8.8,,,1e-06
29.1,0.0,0.0,0.0,0.0,0.0,0.0,0.0,0.0,109.26,92.72,8.8,,,1e-06
29.15,0.0,0.0,0.0,0.0,0.0,0.0,0.0,0.0,109.26,92.72,8.8,,,1e-06
29.2,0.0,0.0,0.0,0.0,0.0,0.0,0.0,0.0,109.26,92.72,8.8,,,1e-06
29.25,0.0,0.0,0.0,0.0,0.0,0.0,0.0,0.0,109.26,92.72,8.8,,,1e-06
29.3,0.0,0.0,0.0,0.0,0.0,0.0,0.0,0.0,109.26,92.72,8.8,,,1e-06
29.35,0.0,0.0,0.0,0.0,0.0,0.0,0.0,0.0,109.26,92.72,8.8,,,1e-06
29.4,0.0,0.0,0.0,0.0,0.0,0.0,0.0,0.0,109.26,92.72,8.8,,,1e-06
29.45,0.0,0.0,0.0,0.0,0.0,0.0,0.0,0.0,109.26,92.72,8.8,,,1e-06
29.5,0.0,0.0,0.0,0.0,0.0,0.0,0.0,0.0,109.26,92.72,8.8,,,1e-06
29.55,0.0,0.0,0.0,0.0,0.0,0.0,0.0,0.0,109.26,92.72,8.8,,,1e-06
29.6,0.0,0.0,0.0,0.0,0.0,0.0,0.0,0.0,109.26,92.72,8.8,,,1e-06
29.65,0.0,0.0,0.0,0.0,0.0,0.0,0.0,0.0,109.26,92.72,8.8,,,1e-06
29.7,0.0,0.0,0.0,0.0,0.0,0.0,0.0,0.0,109.26,92.72,8.8,,,1e-06
29.75,0.0,0.0,0.0,0.0,0.0,0.0,0.0,0.0,109.26,92.72,8.8,,,1e-06
29.8,0.0,0.0,0.0,0.0,0.0,0.0,0.0,0.0,109.26,92.72,8.8,,,1e-06
29.85,0.0,0.0,0.0,0.0,0.0,0.0,0.0,0.0,109.26,92.72,8.8,,,1e-06
29.9,0.0,0.0,0.0,0.0,0.0,0.0,0.0,0.0,109.26,92.72,8.8,,,1e-06
29.95,0.0,0.0,0.0,0.0,0.0,0.0,0.0,0.0,109.26,92.72,8.8,,,1e-06
30.0,0.0,0.0,0.0,0.0,0.0,0.0,0.0,0.0,109.26,92.72,8.8,,,1e-06
30.05,0.0,0.0,0.0,0.0,0.0,0.0,0.0,0.0,109.26,92.72,8.8,,,1e-06
30.1,0.0,0.0,0.0,0.0,0.0,0.0,0.0,0.0,109.26,92.72,8.8,,,1e-06
30.15,0.0,0.0,0.0,0.0,0.0,0.0,0.0,0.0,109.26,92.72,8.8,,,1e-06
30.2,0.0,0.0,0.0,0.0,0.0,0.0,0.0,0.0,109.26,92.72,8.8,,,1e-06
30.25,0.0,0.0,0.0,0.0,0.0,0.0,0.0,0.0,109.26,92.72,8.8,,,1e-06
30.3,0.0,0.0,0.0,0.0,0.0,0.0,0.0,0.0,109.26,92.72,8.8,,,1e-06
30.35,0.0,0.0,0.0,0.0,0.0,0.0,0.0,0.0,109.26,92.72,8.8,,,1e-06
30.4,0.0,0.0,0.0,0.0,0.0,0.0,0.0,0.0,109.26,92.72,8.8,,,1e-06
30.45,0.0,0.0,0.0,0.0,0.0,0.0,0.0,0.0,109.26,92.72,8.8,,,1e-06
30.5,0.0,0.0,0.0,0.0,0.0,0.0,0.0,0.0,109.26,92.72,8.8,,,1e-06
30.55,0.0,0.0,0.0,0.0,0.0,0.0,0.0,0.0,109.26,92.72,8.8,,,1e-06
30.6,0.0,0.0,0.0,0.0,0.0,0.0,0.0,0.0,109.26,92.72,8.8,,,1e-06
30.65,0.0,0.0,0.0,0.0,0.0,0.0,0.0,0.0,109.26,92.72,8.8,,,1e-06
30.7,0.0,0.0,0.0,0.0,0.0,0.0,0.0,0.0,109.26,92.72,8.8,,,1e-06
30.75,0.0,0.0,0.0,0.0,0.0,0.0,0.0,0.0,109.26,92.72,8.8,,,1e-06
30.8,0.0,0.0,0.0,0.0,0.0,0.0,0.0,0.0,109.26,92.72,8.8,,,1e-06
30.85,0.0,0.0,0.0,0.0,0.0,0.0,0.0,0.0,109.26,92.72,8.8,,,1e-06
30.9,0.0,0.0,0.0,0.0,0.0,0.0,0.0,0.0,109.26,92.72,8.8,,,1e-06
30.95,0.0,0.0,0.0,0.0,0.0,0.0,0.0,0.0,109.26,92.72,8.8,,,1e-06
31.0,0.0,0.0,0.0,0.0,0.0,0.0,0.0,0.0,109.26,92.72,8.8,,,1e-06
31.05,0.0,0.0,0.0,0.0,0.0,0.0,0.0,0.0,109.26,92.72,8.8,,,1e-06
31.1,0.0,0.0,0.0,0.0,0.0,0.0,0.0,0.0,109.26,92.72,8.8,,,1e-06
31.15,0.0,0.0,0.0,0.0,0.0,0.0,0.0,0.0,109.26,92.72,8.8,,,1e-06
31.2,0.0,0.0,0.0,0.0,0.0,0.0,0.0,0.0,109.26,92.72,8.8,,,1e-06
31.25,0.0,0.0,0.0,0.0,0.0,0.0,0.0,0.0,109.26,92.72,8.8,,,1e-06
31.3,0.0,0.0,0.0,0.0,0.0,0.0,0.0,0.0,109.26,92.72,8.8,,,1e-06
31.35,0.0,0.0,0.0,0.0,0.0,0.0,0.0,0.0,109.26,92.72,8.8,,,1e-06
31.4,0.0,0.0,0.0,0.0,0.0,0.0,0.0,0.0,109.26,92.72,8.8,,,1e-06
31.45,0.0,0.0,0.0,0.0,0.0,0.0,0.0,0.0,109.26,92.72,8.8,,,1e-06
31.5,0.0,0.0,0.0,0.0,0.0,0.0,0.0,0.0,109.26,92.72,8.8,,,1e-06
31.55,0.0,0.0,0.0,0.0,0.0,0.0,0.0,0.0,109.26,92.72,8.8,,,1e-06
31.6,0.0,0.0,0.0,0.0,0.0,0.0,0.0,0.0,109.26,92.72,8.8,,,1e-06
31.65,0.0,0.0,0.0,0.0,0.0,0.0,0.0,0.0,109.26,92.72,8.8,,,1e-06
31.7,0.0,0.0,0.0,0.0,0.0,0.0,0.0,0.0,109.26,92.72,8.8,,,1e-06
31.75,0.0,0.0,0.0,0.0,0.0,0.0,0.0,0.0,109.26,92.72,8.8,,,1e-06
31.8,0.0,0.0,0.0,0.0,0.0,0.0,0.0,0.0,109.26,92.72,8.8,,,1e-06
31.85,0.0,0.0,0.0,0.0,0.0,0.0,0.0,0.0,109.26,92.72,8.8,,,1e-06
31.9,0.0,0.0,0.0,0.0,0.0,0.0,0.0,0.0,109.26,92.72,8.8,,,1e-06
31.95,0.0,0.0,0.0,0.0,0.0,0.0,0.0,0.0,109.26,92.72,8.8,,,1e-06
32.0,0.0,0.0,0.0,0.0,0.0,0.0,0.0,0.0,109.26,92.72,8.8,,,1e-06
32.05,0.0,0.0,0.0,0.0,0.0,0.0,0.0,0.0,109.26,92.72,8.8,,,1e-06
32.1,0.0,0.0,0.0,0.0,0.0,0.0,0.0,0.0,109.26,92.72,8.8,,,1e-06
32.15,0.0,0.0,0.0,0.0,0.0,0.0,0.0,0.0,109.26,92.72,8.8,,,1e-06
32.2,0.0,0.0,0.0,0.0,0.0,0.0,0.0,0.0,109.26,92.72,8.8,,,1e-06
32.25,0.0,0.0,0.0,0.0,0.0,0.0,0.0,0.0,109.26,92.72,8.8,,,1e-06
32.3,0.0,0.0,0.0,0.0,0.0,0.0,0.0,0.0,109.26,92.72,8.8,,,1e-06
32.35,0.0,0.0,0.0,0.0,0.0,0.0,0.0,0.0,109.26,92.72,8.8,,,1e-06
32.4,0.0,0.0,0.0,0.0,0.0,0.0,0.0,0.0,109.26,92.72,8.8,,,1e-06
32.45,0.0,0.0,0.0,0.0,0.0,0.0,0.0,0.0,109.26,92.72,8.8,,,1e-06
32.5,0.0,0.0,0.0,0.0,0.0,0.0,0.0,0.0,109.26,92.72,8.8,,,1e-06
32.55,0.0,0.0,0.0,0.0,0.0,0.0,0.0,0.0,109.26,92.72,8.8,,,1e-06
32.6,0.0,0.0,0.0,0.0,0.0,0.0,0.0,0.0,109.26,92.72,8.8,,,1e-06
32.65,0.0,0.0,0.0,0.0,0.0,0.0,0.0,0.0,109.26,92.72,8.8,,,1e-06
32.7,0.0,0.0,0.0,0.0,0.0,0.0,0.0,0.0,109.26,92.72,8.8,,,1e-06
32.75,0.0,0.0,0.0,0.0,0.0,0.0,0.0,0.0,109.26,92.72,8.8,,,1e-06
32.8,0.0,0.0,0.0,0.0,0.0,0.0,0.0,0.0,109.26,92.72,8.8,,,1e-06
32.85,0.0,0.0,0.0,0.0,0.0,0.0,0.0,0.0,109.26,92.72,8.8,,,1e-06
32.9,0.0,0.0,0.0,0.0,0.0,0.0,0.0,0.0,109.26,92.72,8.8,,,1e-06
32.95,0.0,0.0,0.0,0.0,0.0,0.0,0.0,0.0,109.26,92.72,8.8,,,1e-06
33.0,0.0,0.0,0.0,0.0,0.0,0.0,0.0,0.0,109.26,92.72,8.8,,,1e-06
33.05,0.0,0.0,0.0,0.0,0.0,0.0,0.0,0.0,109.26,92.72,8.8,,,1e-06
33.1,0.0,0.0,0.0,0.0,0.0,0.0,0.0,0.0,109.26,92.72,8.8,,,1e-06
33.15,0.0,0.0,0.0,0.0,0.0,0.0,0.0,0.0,109.26,92.72,8.8,,,1e-06
33.2,0.0,0.0,0.0,0.0,0.0,0.0,0.0,0.0,109.26,92.72,8.8,,,1e-06
33.25,0.0,0.0,0.0,0.0,0.0,0.0,0.0,0.0,109.26,92.72,8.8,,,1e-06
33.3,0.0,0.0,0.0,0.0,0.0,0.0,0.0,0.0,109.26,92.72,8.8,,,1e-06
33.35,0.0,0.0,0.0,0.0,0.0,0.0,0.0,0.0,109.26,92.72,8.8,,,1e-06
33.4,0.0,0.0,0.0,0.0,0.0,0.0,0.0,0.0,109.26,92.72,8.8,,,1e-06
33.45,0.0,0.0,0.0,0.0,0.0,0.0,0.0,0.0,109.26,92.72,8.8,,,1e-06
33.5,0.0,0.0,0.0,0.0,0.0,0.0,0.0,0.0,109.26,92.72,8.8,,,1e-06
33.55,0.0,0.0,0.0,0.0,0.0,0.0,0.0,0.0,109.26,92.72,8.8,,,1e-06
33.6,0.0,0.0,0.0,0.0,0.0,0.0,0.0,0.0,109.26,92.72,8.8,,,1e-06
33.65,0.0,0.0,0.0,0.0,0.0,0.0,0.0,0.0,109.26,92.72,8.8,,,1e-06
33.7,0.0,0.0,0.0,0.0,0.0,0.0,0.0,0.0,109.26,92.72,8.8,,,1e-06
33.75,0.0,0.0,0.0,0.0,0.0,0.0,0.0,0.0,109.26,92.72,8.8,,,1e-06
33.8,0.0,0.0,0.0,0.0,0.0,0.0,0.0,0.0,109.26,92.72,8.8,,,1e-06
33.85,0.0,0.0,0.0,0.0,0.0,0.0,0.0,0.0,109.26,92.72,8.8,,,1e-06
33.9,0.0,0.0,0.0,0.0,0.0,0.0,0.0,0.0,109.26,92.72,8.8,,,1e-06
33.95,0.0,0.0,0.0,0.0,0.0,0.0,0.0,0.0,109.26,92.72,8.8,,,1e-06
34.0,0.0,0.0,0.0,0.0,0.0,0.0,0.0,0.0,109.26,92.72,8.8,,,1e-06
34.05,0.0,0.0,0.0,0.0,0.0,0.0,0.0,0.0,109.26,92.72,8.8,,,1e-06
34.1,0.0,0.0,0.0,0.0,0.0,0.0,0.0,0.0,109.26,92.72,8.8,,,1e-06
34.15,0.0,0.0,0.0,0.0,0.0,0.0,0.0,0.0,109.26,92.72,8.8,,,1e-06
34.2,0.0,0.0,0.0,0.0,0.0,0.0,0.0,0.0,109.26,92.72,8.8,,,1e-06
34.25,0.0,0.0,0.0,0.0,0.0,0.0,0.0,0.0,109.26,92.72,8.8,,,1e-06
34.3,0.0,0.0,0.0,0.0,0.0,0.0,0.0,0.0,109.26,92.72,8.8,,,1e-06
34.35,0.0,0.0,0.0,0.0,0.0,0.0,0.0,0.0,109.26,92.72,8.8,,,1e-06
34.4,0.0,0.0,0.0,0.0,0.0,0.0,0.0,0.0,109.26,92.72,8.8,,,1e-06
34.45,0.0,0.0,0.0,0.0,0.0,0.0,0.0,0.0,109.26,92.72,8.8,,,1e-06
34.5,0.0,0.0,0.0,0.0,0.0,0.0,0.0,0.0,109.26,92.72,8.8,,,1e-06
34.55,0.0,0.0,0.0,0.0,0.0,0.0,0.0,0.0,109.26,92.72,8.8,,,1e-06
34.6,0.0,0.0,0.0,0.0,0.0,0.0,0.0,0.0,109.26,92.72,8.8,,,1e-06
34.65,0.0,0.0,0.0,0.0,0.0,0.0,0.0,0.0,109.26,92.72,8.8,,,1e-06
34.7,0.0,0.0,0.0,0.0,0.0,0.0,0.0,0.0,109.26,92.72,8.8,,,1e-06
34.75,0.0,0.0,0.0,0.0,0.0,0.0,0.0,0.0,109.26,92.72,8.8,,,1e-06
34.8,0.0,0.0,0.0,0.0,0.0,0.0,0.0,0.0,109.26,92.72,8.8,,,1e-06
34.85,0.0,0.0,0.0,0.0,0.0,0.0,0.0,0.0,109.26,92.72,8.8,,,1e-06
34.9,0.0,0.0,0.0,0.0,0.0,0.0,0.0,0.0,109.26,92.72,8.8,,,1e-06
34.95,0.0,0.0,0.0,0.0,0.0,0.0,0.0,0.0,109.26,92.72,8.8,,,1e-06
35.0,0.0,0.0,0.0,0.0,0.0,0.0,0.0,0.0,109.26,92.72,8.8,,,1e-06
35.05,0.0,0.0,0.0,0.0,0.0,0.0,0.0,0.0,109.26,92.72,8.8,,,1e-06
35.1,0.0,0.0,0.0,0.0,0.0,0.0,0.0,0.0,109.26,92.72,8.8,,,1e-06
35.15,0.0,0.0,0.0,0.0,0.0,0.0,0.0,0.0,109.26,92.72,8.8,,,1e-06
35.2,0.0,0.0,0.0,0.0,0.0,0.0,0.0,0.0,109.26,92.72,8.8,,,1e-06
35.25,0.0,0.0,0.0,0.0,0.0,0.0,0.0,0.0,109.26,92.72,8.8,,,1e-06
35.3,0.0,0.0,0.0,0.0,0.0,0.0,0.0,0.0,109.26,92.72,8.8,,,1e-06
35.35,0.0,0.0,0.0,0.0,0.0,0.0,0.0,0.0,109.26,92.72,8.8,,,1e-06
35.4,0.0,0.0,0.0,0.0,0.0,0.0,0.0,0.0,109.26,92.72,8.8,,,1e-06
35.45,0.0,0.0,0.0,0.0,0.0,0.0,0.0,0.0,109.26,92.72,8.8,,,1e-06
35.5,0.0,0.0,0.0,0.0,0.0,0.0,0.0,0.0,109.26,92.72,8.8,,,1e-06
35.55,0.0,0.0,0.0,0.0,0.0,0.0,0.0,0.0,109.26,92.72,8.8,,,1e-06
35.6,0.0,0.0,0.0,0.0,0.0,0.0,0.0,0.0,109.26,92.72,8.8,,,1e-06
35.65,0.0,0.0,0.0,0.0,0.0,0.0,0.0,0.0,109.26,92.72,8.8,,,1e-06
35.7,0.0,0.0,0.0,0.0,0.0,0.0,0.0,0.0,109.26,92.72,8.8,,,1e-06
35.75,0.0,0.0,0.0,0.0,0.0,0.0,0.0,0.0,109.26,92.72,8.8,,,1e-06
35.8,0.0,0.0,0.0,0.0,0.0,0.0,0.0,0.0,109.26,92.72,8.8,,,1e-06
35.85,0.0,0.0,0.0,0.0,0.0,0.0,0.0,0.0,109.26,92.72,8.8,,,1e-06
35.9,0.0,0.0,0.0,0.0,0.0,0.0,0.0,0.0,109.26,92.72,8.8,,,1e-06
35.95,0.0,0.0,0.0,0.0,0.0,0.0,0.0,0.0,109.26,92.72,8.8,,,1e-06
36.0,0.0,0.0,0.0,0.0,0.0,0.0,0.0,0.0,109.26,92.72,8.8,,,1e-06
36.05,0.0,0.0,0.0,0.0,0.0,0.0,0.0,0.0,109.26,92.72,8.8,,,1e-06
36.1,0.0,0.0,0.0,0.0,0.0,0.0,0.0,0.0,109.26,92.72,8.8,,,1e-06
36.15,0.0,0.0,0.0,0.0,0.0,0.0,0.0,0.0,109.26,92.72,8.8,,,1e-06
36.2,0.0,0.0,0.0,0.0,0.0,0.0,0.0,0.0,109.26,92.72,8.8,,,1e-06
36.25,0.0,0.0,0.0,0.0,0.0,0.0,0.0,0.0,109.26,92.72,8.8,,,1e-06
36.3,0.0,0.0,0.0,0.0,0.0,0.0,0.0,0.0,109.26,92.72,8.8,,,1e-06
36.35,0.0,0.0,0.0,0.0,0.0,0.0,0.0,0.0,109.26,92.72,8.8,,,1e-06
36.4,0.0,0.0,0.0,0.0,0.0,0.0,0.0,0.0,109.26,92.72,8.8,,,1e-06
36.45,0.0,0.0,0.0,0.0,0.0,0.0,0.0,0.0,109.26,92.72,8.8,,,1e-06
36.5,0.0,0.0,0.0,0.0,0.0,0.0,0.0,0.0,109.26,92.72,8.8,,,1e-06
36.55,0.0,0.0,0.0,0.0,0.0,0.0,0.0,0.0,109.26,92.72,8.8,,,1e-06
36.6,0.0,0.0,0.0,0.0,0.0,0.0,0.0,0.0,109.26,92.72,8.8,,,1e-06
36.65,0.0,0.0,0.0,0.0,0.0,0.0,0.0,0.0,109.26,92.72,8.8,,,1e-06
36.7,0.0,0.0,0.0,0.0,0.0,0.0,0.0,0.0,109.26,92.72,8.8,,,1e-06
36.75,0.0,0.0,0.0,0.0,0.0,0.0,0.0,0.0,109.26,92.72,8.8,,,1e-06
36.8,0.0,0.0,0.0,0.0,0.0,0.0,0.0,0.0,109.26,92.72,8.8,,,1e-06
36.85,0.0,0.0,0.0,0.0,0.0,0.0,0.0,0.0,109.26,92.72,8.8,,,1e-06
36.9,0.0,0.0,0.0,0.0,0.0,0.0,0.0,0.0,109.26,92.72,8.8,,,1e-06
36.95,0.0,0.0,0.0,0.0,0.0,0.0,0.0,0.0,109.26,92.72,8.8,,,1e-06
37.0,0.0,0.0,0.0,0.0,0.0,0.0,0.0,0.0,109.26,92.72,8.8,,,1e-06
37.05,0.0,0.0,0.0,0.0,0.0,0.0,0.0,0.0,109.26,92.72,8.8,,,1e-06
37.1,0.0,0.0,0.0,0.0,0.0,0.0,0.0,0.0,109.26,92.72,8.8,,,1e-06
37.15,0.0,0.0,0.0,0.0,0.0,0.0,0.0,0.0,109.26,92.72,8.8,,,1e-06
37.2,0.0,0.0,0.0,0.0,0.0,0.0,0.0,0.0,109.26,92.72,8.8,,,1e-06
37.25,0.0,0.0,0.0,0.0,0.0,0.0,0.0,0.0,109.26,92.72,8.8,,,1e-06
37.3,0.0,0.0,0.0,0.0,0.0,0.0,0.0,0.0,109.26,92.72,8.8,,,1e-06
37.35,0.0,0.0,0.0,0.0,0.0,0.0,0.0,0.0,109.26,92.72,8.8,,,1e-06
37.4,0.0,0.0,0.0,0.0,0.0,0.0,0.0,0.0,109.26,92.72,8.8,,,1e-06
37.45,0.0,0.0,0.0,0.0,0.0,0.0,0.0,0.0,109.26,92.72,8.8,,,1e-06
37.5,0.0,0.0,0.0,0.0,0.0,0.0,0.0,0.0,109.26,92.72,8.8,,,1e-06
37.55,0.0,0.0,0.0,0.0,0.0,0.0,0.0,0.0,109.26,92.72,8.8,,,1e-06
37.6,0.0,0.0,0.0,0.0,0.0,0.0,0.0,0.0,109.26,92.72,8.8,,,1e-06
37.65,0.0,0.0,0.0,0.0,0.0,0.0,0.0,0.0,109.26,92.72,8.8,,,1e-06
37.7,0.0,0.0,0.0,0.0,0.0,0.0,0.0,0.0,109.26,92.72,8.8,,,1e-06
37.75,0.0,0.0,0.0,0.0,0.0,0.0,0.0,0.0,109.26,92.72,8.8,,,1e-06
37.8,0.0,0.0,0.0,0.0,0.0,0.0,0.0,0.0,109.26,92.72,8.8,,,1e-06
37.85,0.0,0.0,0.0,0.0,0.0,0.0,0.0,0.0,109.26,92.72,8.8,,,1e-06
37.9,0.0,0.0,0.0,0.0,0.0,0.0,0.0,0.0,109.26,92.72,8.8,,,1e-06
37.95,0.0,0.0,0.0,0.0,0.0,0.0,0.0,0.0,109.26,92.72,8.8,,,1e-06
38.0,0.0,0.0,0.0,0.0,0.0,0.0,0.0,0.0,109.26,92.72,8.8,,,1e-06
38.05,0.0,0.0,0.0,0.0,0.0,0.0,0.0,0.0,109.26,92.72,8.8,,,1e-06
38.1,0.0,0.0,0.0,0.0,0.0,0.0,0.0,0.0,109.26,92.72,8.8,,,1e-06
38.15,0.0,0.0,0.0,0.0,0.0,0.0,0.0,0.0,109.26,92.72,8.8,,,1e-06
38.2,0.0,0.0,0.0,0.0,0.0,0.0,0.0,0.0,109.26,92.72,8.8,,,1e-06
38.25,0.0,0.0,0.0,0.0,0.0,0.0,0.0,0.0,109.26,92.72,8.8,,,1e-06
38.3,0.0,0.0,0.0,0.0,0.0,0.0,0.0,0.0,109.26,92.72,8.8,,,1e-06
38.35,0.0,0.0,0.0,0.0,0.0,0.0,0.0,0.0,109.26,92.72,8.8,,,1e-06
38.4,0.0,0.0,0.0,0.0,0.0,0.0,0.0,0.0,109.26,92.72,8.8,,,1e-06
38.45,0.0,0.0,0.0,0.0,0.0,0.0,0.0,0.0,109.26,92.72,8.8,,,1e-06
38.5,0.0,0.0,0.0,0.0,0.0,0.0,0.0,0.0,109.26,92.72,8.8,,,1e-06
38.55,0.0,0.0,0.0,0.0,0.0,0.0,0.0,0.0,109.26,92.72,8.8,,,1e-06
38.6,0.0,0.0,0.0,0.0,0.0,0.0,0.0,0.0,109.26,92.72,8.8,,,1e-06
38.65,0.0,0.0,0.0,0.0,0.0,0.0,0.0,0.0,109.26,92.72,8.8,,,1e-06
38.7,0.0,0.0,0.0,0.0,0.0,0.0,0.0,0.0,109.26,92.72,8.8,,,1e-06
38.75,0.0,0.0,0.0,0.0,0.0,0.0,0.0,0.0,109.26,92.72,8.8,,,1e-06
38.8,0.0,0.0,0.0,0.0,0.0,0.0,0.0,0.0,109.26,92.72,8.8,,,1e-06
38.85,0.0,0.0,0.0,0.0,0.0,0.0,0.0,0.0,109.26,92.72,8.8,,,1e-06
38.9,0.0,0.0,0.0,0.0,0.0,0.0,0.0,0.0,109.26,92.72,8.8,,,1e-06
38.95,0.0,0.0,0.0,0.0,0.0,0.0,0.0,0.0,109.26,92.72,8.8,,,1e-06
39.0,0.0,0.0,0.0,0.0,0.0,0.0,0.0,0.0,109.26,92.72,8.8,,,1e-06
39.05,0.0,0.0,0.0,0.0,0.0,0.0,0.0,0.0,109.26,92.72,8.8,,,1e-06
39.1,0.0,0.0,0.0,0.0,0.0,0.0,0.0,0.0,109.26,92.72,8.8,,,1e-06
39.15,0.0,0.0,0.0,0.0,0.0,0.0,0.0,0.0,109.26,92.72,8.8,,,1e-06
39.2,0.0,0.0,0.0,0.0,0.0,0.0,0.0,0.0,109.26,92.72,8.8,,,1e-06
39.25,0.0,0.0,0.0,0.0,0.0,0.0,0.0,0.0,109.26,92.72,8.8,,,1e-06
39.3,0.0,0.0,0.0,0.0,0.0,0.0,0.0,0.0,109.26,92.72,8.8,,,1e-06
39.35,0.0,0.0,0.0,0.0,0.0,0.0,0.0,0.0,109.26,92.72,8.8,,,1e-06
39.4,0.0,0.0,0.0,0.0,0.0,0.0,0.0,0.0,109.26,92.72,8.8,,,1e-06
39.45,0.0,0.0,0.0,0.0,0.0,0.0,0.0,0.0,109.26,92.72,8.8,,,1e-06
39.5,0.0,0.0,0.0,0.0,0.0,0.0,0.0,0.0,109.26,92.72,8.8,,,1e-06
39.55,0.0,0.0,0.0,0.0,0.0,0.0,0.0,0.0,109.26,92.72,8.8,,,1e-06
39.6,0.0,0.0,0.0,0.0,0.0,0.0,0.0,0.0,109.26,92.72,8.8,,,1e-06
39.65,0.0,0.0,0.0,0.0,0.0,0.0,0.0,0.0,109.26,92.72,8.8,,,1e-06
39.7,0.0,0.0,0.0,0.0,0.0,0.0,0.0,0.0,109.26,92.72,8.8,,,1e-06
39.75,0.0,0.0,0.0,0.0,0.0,0.0,0.0,0.0,109.26,92.72,8.8,,,1e-06
39.8,0.0,0.0,0.0,0.0,0.0,0.0,0.0,0.0,109.26,92.72,8.8,,,1e-06
39.85,0.0,0.0,0.0,0.0,0.0,0.0,0.0,0.0,109.26,92.72,8.8,,,1e-06
39.9,0.0,0.0,0.0,0.0,0.0,0.0,0.0,0.0,109.26,92.72,8.8,,,1e-06
39.95,0.0,0.0,0.0,0.0,0.0,0.0,0.0,0.0,109.26,92.72,8.8,,,1e-06
40.0,0.0,0.0,0.0,0.0,0.0,0.0,0.0,0.0,109.26,92.72,8.8,,,1e-06
40.05,0.0,0.0,0.0,0.0,0.0,0.0,0.0,0.0,109.26,92.72,8.8,,,1e-06
40.1,0.0,0.0,0.0,0.0,0.0,0.0,0.0,0.0,109.26,92.72,8.8,,,1e-06
40.15,0.0,0.0,0.0,0.0,0.0,0.0,0.0,0.0,109.26,92.72,8.8,,,1e-06
40.2,0.0,0.0,0.0,0.0,0.0,0.0,0.0,0.0,109.26,92.72,8.8,,,1e-06
40.25,0.0,0.0,0.0,0.0,0.0,0.0,0.0,0.0,109.26,92.72,8.8,,,1e-06
40.3,0.0,0.0,0.0,0.0,0.0,0.0,0.0,0.0,109.26,92.72,8.8,,,1e-06
40.35,0.0,0.0,0.0,0.0,0.0,0.0,0.0,0.0,109.26,92.72,8.8,,,1e-06
40.4,0.0,0.0,0.0,0.0,0.0,0.0,0.0,0.0,109.26,92.72,8.8,,,1e-06
40.45,0.0,0.0,0.0,0.0,0.0,0.0,0.0,0.0,109.26,92.72,8.8,,,1e-06
40.5,0.0,0.0,0.0,0.0,0.0,0.0,0.0,0.0,109.26,92.72,8.8,,,1e-06
40.55,0.0,0.0,0.0,0.0,0.0,0.0,0.0,0.0,109.26,92.72,8.8,,,1e-06
40.6,0.0,0.0,0.0,0.0,0.0,0.0,0.0,0.0,109.26,92.72,8.8,,,1e-06
40.65,0.0,0.0,0.0,0.0,0.0,0.0,0.0,0.0,109.26,92.72,8.8,,,1e-06
40.7,0.0,0.0,0.0,0.0,0.0,0.0,0.0,0.0,109.26,92.72,8.8,,,1e-06
40.75,0.0,0.0,0.0,0.0,0.0,0.0,0.0,0.0,109.26,92.72,8.8,,,1e-06
40.8,0.0,0.0,0.0,0.0,0.0,0.0,0.0,0.0,109.26,92.72,8.8,,,1e-06
40.85,0.0,0.0,0.0,0.0,0.0,0.0,0.0,0.0,109.26,92.72,8.8,,,1e-06
40.9,0.0,0.0,0.0,0.0,0.0,0.0,0.0,0.0,109.26,92.72,8.8,,,1e-06
40.95,0.0,0.0,0.0,0.0,0.0,0.0,0.0,0.0,109.26,92.72,8.8,,,1e-06
41.0,0.0,0.0,0.0,0.0,0.0,0.0,0.0,0.0,109.26,92.72,8.8,,,1e-06
41.05,0.0,0.0,0.0,0.0,0.0,0.0,0.0,0.0,109.26,92.72,8.8,,,1e-06
41.1,0.0,0.0,0.0,0.0,0.0,0.0,0.0,0.0,109.26,92.72,8.8,,,1e-06
41.15,0.0,0.0,0.0,0.0,0.0,0.0,0.0,0.0,109.26,92.72,8.8,,,1e-06
41.2,0.0,0.0,0.0,0.0,0.0,0.0,0.0,0.0,109.26,92.72,8.8,,,1e-06
41.25,0.0,0.0,0.0,0.0,0.0,0.0,0.0,0.0,109.26,92.72,8.8,,,1e-06
41.3,0.0,0.0,0.0,0.0,0.0,0.0,0.0,0.0,109.26,92.72,8.8,,,1e-06
41.35,0.0,0.0,0.0,0.0,0.0,0.0,0.0,0.0,109.26,92.72,8.8,,,1e-06
41.4,0.0,0.0,0.0,0.0,0.0,0.0,0.0,0.0,109.26,92.72,8.8,,,1e-06
41.45,0.0,0.0,0.0,0.0,0.0,0.0,0.0,0.0,109.26,92.72,8.8,,,1e-06
41.5,0.0,0.0,0.0,0.0,0.0,0.0,0.0,0.0,109.26,92.72,8.8,,,1e-06
41.55,0.0,0.0,0.0,0.0,0.0,0.0,0.0,0.0,109.26,92.72,8.8,,,1e-06
41.6,0.0,0.0,0.0,0.0,0.0,0.0,0.0,0.0,109.26,92.72,8.8,,,1e-06
41.65,0.0,0.0,0.0,0.0,0.0,0.0,0.0,0.0,109.26,92.72,8.8,,,1e-06
41.7,0.0,0.0,0.0,0.0,0.0,0.0,0.0,0.0,109.26,92.72,8.8,,,1e-06
41.75,0.0,0.0,0.0,0.0,0.0,0.0,0.0,0.0,109.26,92.72,8.8,,,1e-06
41.8,0.0,0.0,0.0,0.0,0.0,0.0,0.0,0.0,109.26,92.72,8.8,,,1e-06
41.85,0.0,0.0,0.0,0.0,0.0,0.0,0.0,0.0,109.26,92.72,8.8,,,1e-06
41.9,0.0,0.0,0.0,0.0,0.0,0.0,0.0,0.0,109.26,92.72,8.8,,,1e-06
41.95,0.0,0.0,0.0,0.0,0.0,0.0,0.0,0.0,109.26,92.72,8.8,,,1e-06
42.0,0.0,0.0,0.0,0.0,0.0,0.0,0.0,0.0,109.26,92.72,8.8,,,1e-06
42.05,0.0,0.0,0.0,0.0,0.0,0.0,0.0,0.0,109.26,92.72,8.8,,,1e-06
42.1,0.0,0.0,0.0,0.0,0.0,0.0,0.0,0.0,109.26,92.72,8.8,,,1e-06
42.15,0.0,0.0,0.0,0.0,0.0,0.0,0.0,0.0,109.26,92.72,8.8,,,1e-06
42.2,0.0,0.0,0.0,0.0,0.0,0.0,0.0,0.0,109.26,92.72,8.8,,,1e-06
42.25,0.0,0.0,0.0,0.0,0.0,0.0,0.0,0.0,109.26,92.72,8.8,,,1e-06
42.3,0.0,0.0,0.0,0.0,0.0,0.0,0.0,0.0,109.26,92.72,8.8,,,1e-06
42.35,0.0,0.0,0.0,0.0,0.0,0.0,0.0,0.0,109.26,92.72,8.8,,,1e-06
42.4,0.0,0.0,0.0,0.0,0.0,0.0,0.0,0.0,109.26,92.72,8.8,,,1e-06
42.45,0.0,0.0,0.0,0.0,0.0,0.0,0.0,0.0,109.26,92.72,8.8,,,1e-06
42.5,0.0,0.0,0.0,0.0,0.0,0.0,0.0,0.0,109.26,92.72,8.8,,,1e-06
42.55,0.0,0.0,0.0,0.0,0.0,0.0,0.0,0.0,109.26,92.72,8.8,,,1e-06
42.6,0.0,0.0,0.0,0.0,0.0,0.0,0.0,0.0,109.26,92.72,8.8,,,1e-06
42.65,0.0,0.0,0.0,0.0,0.0,0.0,0.0,0.0,109.26,92.72,8.8,,,1e-06
42.7,0.0,0.0,0.0,0.0,0.0,0.0,0.0,0.0,109.26,92.72,8.8,,,1e-06
42.75,0.0,0.0,0.0,0.0,0.0,0.0,0.0,0.0,109.26,92.72,8.8,,,1e-06
42.8,0.0,0.0,0.0,0.0,0.0,0.0,0.0,0.0,109.26,92.72,8.8,,,1e-06
42.85,0.0,0.0,0.0,0.0,0.0,0.0,0.0,0.0,109.26,92.72,8.8,,,1e-06
42.9,0.0,0.0,0.0,0.0,0.0,0.0,0.0,0.0,109.26,92.72,8.8,,,1e-06
42.95,0.0,0.0,0.0,0.0,0.0,0.0,0.0,0.0,109.26,92.72,8.8,,,1e-06
43.0,0.0,0.0,0.0,0.0,0.0,0.0,0.0,0.0,109.26,92.72,8.8,,,1e-06
43.05,0.0,0.0,0.0,0.0,0.0,0.0,0.0,0.0,109.26,92.72,8.8,,,1e-06
43.1,0.0,0.0,0.0,0.0,0.0,0.0,0.0,0.0,109.26,92.72,8.8,,,1e-06
43.15,0.0,0.0,0.0,0.0,0.0,0.0,0.0,0.0,109.26,92.72,8.8,,,1e-06
43.2,0.0,0.0,0.0,0.0,0.0,0.0,0.0,0.0,109.26,92.72,8.8,,,1e-06
43.25,0.0,0.0,0.0,0.0,0.0,0.0,0.0,0.0,109.26,92.72,8.8,,,1e-06
43.3,0.0,0.0,0.0,0.0,0.0,0.0,0.0,0.0,109.26,92.72,8.8,,,1e-06
43.35,0.0,0.0,0.0,0.0,0.0,0.0,0.0,0.0,109.26,92.72,8.8,,,1e-06
43.4,0.0,0.0,0.0,0.0,0.0,0.0,0.0,0.0,109.26,92.72,8.8,,,1e-06
43.45,0.0,0.0,0.0,0.0,0.0,0.0,0.0,0.0,109.26,92.72,8.8,,,1e-06
43.5,0.0,0.0,0.0,0.0,0.0,0.0,0.0,0.0,109.26,92.72,8.8,,,1e-06
43.55,0.0,0.0,0.0,0.0,0.0,0.0,0.0,0.0,109.26,92.72,8.8,,,1e-06
43.6,0.0,0.0,0.0,0.0,0.0,0.0,0.0,0.0,109.26,92.72,8.8,,,1e-06
43.65,0.0,0.0,0.0,0.0,0.0,0.0,0.0,0.0,109.26,92.72,8.8,,,1e-06
43.7,0.0,0.0,0.0,0.0,0.0,0.0,0.0,0.0,109.26,92.72,8.8,,,1e-06
43.75,0.0,0.0,0.0,0.0,0.0,0.0,0.0,0.0,109.26,92.72,8.8,,,1e-06
43.8,0.0,0.0,0.0,0.0,0.0,0.0,0.0,0.0,109.26,92.72,8.8,,,1e-06
43.85,0.0,0.0,0.0,0.0,0.0,0.0,0.0,0.0,109.26,92.72,8.8,,,1e-06
43.9,0.0,0.0,0.0,0.0,0.0,0.0,0.0,0.0,109.26,92.72,8.8,,,1e-06
43.95,0.0,0.0,0.0,0.0,0.0,0.0,0.0,0.0,109.26,92.72,8.8,,,1e-06
44.0,0.0,0.0,0.0,0.0,0.0,0.0,0.0,0.0,109.26,92.72,8.8,,,1e-06
44.05,0.0,0.0,0.0,0.0,0.0,0.0,0.0,0.0,109.26,92.72,8.8,,,1e-06
44.1,0.0,0.0,0.0,0.0,0.0,0.0,0.0,0.0,109.26,92.72,8.8,,,1e-06
44.15,0.0,0.0,0.0,0.0,0.0,0.0,0.0,0.0,109.26,92.72,8.8,,,1e-06
44.2,0.0,0.0,0.0,0.0,0.0,0.0,0.0,0.0,109.26,92.72,8.8,,,1e-06
44.25,0.0,0.0,0.0,0.0,0.0,0.0,0.0,0.0,109.26,92.72,8.8,,,1e-06
44.3,0.0,0.0,0.0,0.0,0.0,0.0,0.0,0.0,109.26,92.72,8.8,,,1e-06
44.35,0.0,0.0,0.0,0.0,0.0,0.0,0.0,0.0,109.26,92.72,8.8,,,1e-06
44.4,0.0,0.0,0.0,0.0,0.0,0.0,0.0,0.0,109.26,92.72,8.8,,,1e-06
44.45,0.0,0.0,0.0,0.0,0.0,0.0,0.0,0.0,109.26,92.72,8.8,,,1e-06
44.5,0.0,0.0,0.0,0.0,0.0,0.0,0.0,0.0,109.26,92.72,8.8,,,1e-06
44.55,0.0,0.0,0.0,0.0,0.0,0.0,0.0,0.0,109.26,92.72,8.8,,,1e-06
44.6,0.0,0.0,0.0,0.0,0.0,0.0,0.0,0.0,109.26,92.72,8.8,,,1e-06
44.65,0.0,0.0,0.0,0.0,0.0,0.0,0.0,0.0,109.26,92.72,8.8,,,1e-06
44.7,0.0,0.0,0.0,0.0,0.0,0.0,0.0,0.0,109.26,92.72,8.8,,,1e-06
44.75,0.0,0.0,0.0,0.0,0.0,0.0,0.0,0.0,109.26,92.72,8.8,,,1e-06
44.8,0.0,0.0,0.0,0.0,0.0,0.0,0.0,0.0,109.26,92.72,8.8,,,1e-06
44.85,0.0,0.0,0.0,0.0,0.0,0.0,0.0,0.0,109.26,92.72,8.8,,,1e-06
44.9,0.0,0.0,0.0,0.0,0.0,0.0,0.0,0.0,109.26,92.72,8.8,,,1e-06
44.95,0.0,0.0,0.0,0.0,0.0,0.0,0.0,0.0,109.26,92.72,8.8,,,1e-06
45.0,0.0,0.0,0.0,0.0,0.0,0.0,0.0,0.0,109.26,92.72,8.8,,,1e-06
45.05,0.0,0.0,0.0,0.0,0.0,0.0,0.0,0.0,109.26,92.72,8.8,,,1e-06
45.1,0.0,0.0,0.0,0.0,0.0,0.0,0.0,0.0,109.26,92.72,8.8,,,1e-06
45.15,0.0,0.0,0.0,0.0,0.0,0.0,0.0,0.0,109.26,92.72,8.8,,,1e-06
45.2,0.0,0.0,0.0,0.0,0.0,0.0,0.0,0.0,109.26,92.72,8.8,,,1e-06
45.25,0.0,0.0,0.0,0.0,0.0,0.0,0.0,0.0,109.26,92.72,8.8,,,1e-06
45.3,0.0,0.0,0.0,0.0,0.0,0.0,0.0,0.0,109.26,92.72,8.8,,,1e-06
45.35,0.0,0.0,0.0,0.0,0.0,0.0,0.0,0.0,109.26,92.72,8.8,,,1e-06
45.4,0.0,0.0,0.0,0.0,0.0,0.0,0.0,0.0,109.26,92.72,8.8,,,1e-06
45.45,0.0,0.0,0.0,0.0,0.0,0.0,0.0,0.0,109.26,92.72,8.8,,,1e-06
45.5,0.0,0.0,0.0,0.0,0.0,0.0,0.0,0.0,109.26,92.72,8.8,,,1e-06
45.55,0.0,0.0,0.0,0.0,0.0,0.0,0.0,0.0,109.26,92.72,8.8,,,1e-06
45.6,0.0,0.0,0.0,0.0,0.0,0.0,0.0,0.0,109.26,92.72,8.8,,,1e-06
45.65,0.0,0.0,0.0,0.0,0.0,0.0,0.0,0.0,109.26,92.72,8.8,,,1e-06
45.7,0.0,0.0,0.0,0.0,0.0,0.0,0.0,0.0,109.26,92.72,8.8,,,1e-06
45.75,0.0,0.0,0.0,0.0,0.0,0.0,0.0,0.0,109.26,92.72,8.8,,,1e-06
45.8,0.0,0.0,0.0,0.0,0.0,0.0,0.0,0.0,109.26,92.72,8.8,,,1e-06
45.85,0.0,0.0,0.0,0.0,0.0,0.0,0.0,0.0,109.26,92.72,8.8,,,1e-06
45.9,0.0,0.0,0.0,0.0,0.0,0.0,0.0,0.0,109.26,92.72,8.8,,,1e-06
45.95,0.0,0.0,0.0,0.0,0.0,0.0,0.0,0.0,109.26,92.72,8.8,,,1e-06
46.0,0.0,0.0,0.0,0.0,0.0,0.0,0.0,0.0,109.26,92.72,8.8,,,1e-06
46.05,0.0,0.0,0.0,0.0,0.0,0.0,0.0,0.0,109.26,92.72,8.8,,,1e-06
46.1,0.0,0.0,0.0,0.0,0.0,0.0,0.0,0.0,109.26,92.72,8.8,,,1e-06
46.15,0.0,0.0,0.0,0.0,0.0,0.0,0.0,0.0,109.26,92.72,8.8,,,1e-06
46.2,0.0,0.0,0.0,0.0,0.0,0.0,0.0,0.0,109.26,92.72,8.8,,,1e-06
46.25,0.0,0.0,0.0,0.0,0.0,0.0,0.0,0.0,109.26,92.72,8.8,,,1e-06
46.3,0.0,0.0,0.0,0.0,0.0,0.0,0.0,0.0,109.26,92.72,8.8,,,1e-06
46.35,0.0,0.0,0.0,0.0,0.0,0.0,0.0,0.0,109.26,92.72,8.8,,,1e-06
46.4,0.0,0.0,0.0,0.0,0.0,0.0,0.0,0.0,109.26,92.72,8.8,,,1e-06
46.45,0.0,0.0,0.0,0.0,0.0,0.0,0.0,0.0,109.26,92.72,8.8,,,1e-06
46.5,0.0,0.0,0.0,0.0,0.0,0.0,0.0,0.0,109.26,92.72,8.8,,,1e-06
46.55,0.0,0.0,0.0,0.0,0.0,0.0,0.0,0.0,109.26,92.72,8.8,,,1e-06
46.6,0.0,0.0,0.0,0.0,0.0,0.0,0.0,0.0,109.26,92.72,8.8,,,1e-06
46.65,0.0,0.0,0.0,0.0,0.0,0.0,0.0,0.0,109.26,92.72,8.8,,,1e-06
46.7,0.0,0.0,0.0,0.0,0.0,0.0,0.0,0.0,109.26,92.72,8.8,,,1e-06
46.75,0.0,0.0,0.0,0.0,0.0,0.0,0.0,0.0,109.26,92.72,8.8,,,1e-06
46.8,0.0,0.0,0.0,0.0,0.0,0.0,0.0,0.0,109.26,92.72,8.8,,,1e-06
46.85,0.0,0.0,0.0,0.0,0.0,0.0,0.0,0.0,109.26,92.72,8.8,,,1e-06
46.9,0.0,0.0,0.0,0.0,0.0,0.0,0.0,0.0,109.26,92.72,8.8,,,1e-06
46.95,0.0,0.0,0.0,0.0,0.0,0.0,0.0,0.0,109.26,92.72,8.8,,,1e-06
47.0,0.0,0.0,0.0,0.0,0.0,0.0,0.0,0.0,109.26,92.72,8.8,,,1e-06
47.05,0.0,0.0,0.0,0.0,0.0,0.0,0.0,0.0,109.26,92.72,8.8,,,1e-06
47.1,0.0,0.0,0.0,0.0,0.0,0.0,0.0,0.0,109.26,92.72,8.8,,,1e-06
47.15,0.0,0.0,0.0,0.0,0.0,0.0,0.0,0.0,109.26,92.72,8.8,,,1e-06
47.2,0.0,0.0,0.0,0.0,0.0,0.0,0.0,0.0,109.26,92.72,8.8,,,1e-06
47.25,0.0,0.0,0.0,0.0,0.0,0.0,0.0,0.0,109.26,92.72,8.8,,,1e-06
47.3,0.0,0.0,0.0,0.0,0.0,0.0,0.0,0.0,109.26,92.72,8.8,,,1e-06
47.35,0.0,0.0,0.0,0.0,0.0,0.0,0.0,0.0,109.26,92.72,8.8,,,1e-06
47.4,0.0,0.0,0.0,0.0,0.0,0.0,0.0,0.0,109.26,92.72,8.8,,,1e-06
47.45,0.0,0.0,0.0,0.0,0.0,0.0,0.0,0.0,109.26,92.72,8.8,,,1e-06
47.5,0.0,0.0,0.0,0.0,0.0,0.0,0.0,0.0,109.26,92.72,8.8,,,1e-06
47.55,0.0,0.0,0.0,0.0,0.0,0.0,0.0,0.0,109.26,92.72,8.8,,,1e-06
47.6,0.0,0.0,0.0,0.0,0.0,0.0,0.0,0.0,109.26,92.72,8.8,,,1e-06
47.65,0.0,0.0,0.0,0.0,0.0,0.0,0.0,0.0,109.26,92.72,8.8,,,1e-06
47.7,0.0,0.0,0.0,0.0,0.0,0.0,0.0,0.0,109.26,92.72,8.8,,,1e-06
47.75,0.0,0.0,0.0,0.0,0.0,0.0,0.0,0.0,109.26,92.72,8.8,,,1e-06
47.8,0.0,0.0,0.0,0.0,0.0,0.0,0.0,0.0,109.26,92.72,8.8,,,1e-06
47.85,0.0,0.0,0.0,0.0,0.0,0.0,0.0,0.0,109.26,92.72,8.8,,,1e-06
47.9,0.0,0.0,0.0,0.0,0.0,0.0,0.0,0.0,109.26,92.72,8.8,,,1e-06
47.95,0.0,0.0,0.0,0.0,0.0,0.0,0.0,0.0,109.26,92.72,8.8,,,1e-06
48.0,0.0,0.0,0.0,0.0,0.0,0.0,0.0,0.0,109.26,92.72,8.8,,,1e-06
48.05,0.0,0.0,0.0,0.0,0.0,0.0,0.0,0.0,109.26,92.72,8.8,,,1e-06
48.1,0.0,0.0,0.0,0.0,0.0,0.0,0.0,0.0,109.26,92.72,8.8,,,1e-06
48.15,0.0,0.0,0.0,0.0,0.0,0.0,0.0,0.0,109.26,92.72,8.8,,,1e-06
48.2,0.0,0.0,0.0,0.0,0.0,0.0,0.0,0.0,109.26,92.72,8.8,,,1e-06
48.25,0.0,0.0,0.0,0.0,0.0,0.0,0.0,0.0,109.26,92.72,8.8,,,1e-06
48.3,0.0,0.0,0.0,0.0,0.0,0.0,0.0,0.0,109.26,92.72,8.8,,,1e-06
48.35,0.0,0.0,0.0,0.0,0.0,0.0,0.0,0.0,109.26,92.72,8.8,,,1e-06
48.4,0.0,0.0,0.0,0.0,0.0,0.0,0.0,0.0,109.26,92.72,8.8,,,1e-06
48.45,0.0,0.0,0.0,0.0,0.0,0.0,0.0,0.0,109.26,92.72,8.8,,,1e-06
48.5,0.0,0.0,0.0,0.0,0.0,0.0,0.0,0.0,109.26,92.72,8.8,,,1e-06
48.55,0.0,0.0,0.0,0.0,0.0,0.0,0.0,0.0,109.26,92.72,8.8,,,1e-06
48.6,0.0,0.0,0.0,0.0,0.0,0.0,0.0,0.0,109.26,92.72,8.8,,,1e-06
48.65,0.0,0.0,0.0,0.0,0.0,0.0,0.0,0.0,109.26,92.72,8.8,,,1e-06
48.7,0.0,0.0,0.0,0.0,0.0,0.0,0.0,0.0,109.26,92.72,8.8,,,1e-06
48.75,0.0,0.0,0.0,0.0,0.0,0.0,0.0,0.0,109.26,92.72,8.8,,,1e-06
48.8,0.0,0.0,0.0,0.0,0.0,0.0,0.0,0.0,109.26,92.72,8.8,,,1e-06
48.85,0.0,0.0,0.0,0.0,0.0,0.0,0.0,0.0,109.26,92.72,8.8,,,1e-06
48.9,0.0,0.0,0.0,0.0,0.0,0.0,0.0,0.0,109.26,92.72,8.8,,,1e-06
48.95,0.0,0.0,0.0,0.0,0.0,0.0,0.0,0.0,109.26,92.72,8.8,,,1e-06
49.0,0.0,0.0,0.0,0.0,0.0,0.0,0.0,0.0,109.26,92.72,8.8,,,1e-06
49.05,0.0,0.0,0.0,0.0,0.0,0.0,0.0,0.0,109.26,92.72,8.8,,,1e-06
49.1,0.0,0.0,0.0,0.0,0.0,0.0,0.0,0.0,109.26,92.72,8.8,,,1e-06
49.15,0.0,0.0,0.0,0.0,0.0,0.0,0.0,0.0,109.26,92.72,8.8,,,1e-06
49.2,0.0,0.0,0.0,0.0,0.0,0.0,0.0,0.0,109.26,92.72,8.8,,,1e-06
49.25,0.0,0.0,0.0,0.0,0.0,0.0,0.0,0.0,109.26,92.72,8.8,,,1e-06
49.3,0.0,0.0,0.0,0.0,0.0,0.0,0.0,0.0,109.26,92.72,8.8,,,1e-06
49.35,0.0,0.0,0.0,0.0,0.0,0.0,0.0,0.0,109.26,92.72,8.8,,,1e-06
49.4,0.0,0.0,0.0,0.0,0.0,0.0,0.0,0.0,109.26,92.72,8.8,,,1e-06
49.45,0.0,0.0,0.0,0.0,0.0,0.0,0.0,0.0,109.26,92.72,8.8,,,1e-06
49.5,0.0,0.0,0.0,0.0,0.0,0.0,0.0,0.0,109.26,92.72,8.8,,,1e-06
49.55,0.0,0.0,0.0,0.0,0.0,0.0,0.0,0.0,109.26,92.72,8.8,,,1e-06
49.6,0.0,0.0,0.0,0.0,0.0,0.0,0.0,0.0,109.26,92.72,8.8,,,1e-06
49.65,0.0,0.0,0.0,0.0,0.0,0.0,0.0,0.0,109.26,92.72,8.8,,,1e-06
49.7,0.0,0.0,0.0,0.0,0.0,0.0,0.0,0.0,109.26,92.72,8.8,,,1e-06
49.75,0.0,0.0,0.0,0.0,0.0,0.0,0.0,0.0,109.26,92.72,8.8,,,1e-06
49.8,0.0,0.0,0.0,0.0,0.0,0.0,0.0,0.0,109.26,92.72,8.8,,,1e-06
49.85,0.0,0.0,0.0,0.0,0.0,0.0,0.0,0.0,109.26,92.72,8.8,,,1e-06
49.9,0.0,0.0,0.0,0.0,0.0,0.0,0.0,0.0,109.26,92.72,8.8,,,1e-06
49.95,0.0,0.0,0.0,0.0,0.0,0.0,0.0,0.0,109.26,92.72,8.8,,,1e-06
50.0,0.0,0.0,0.0,0.0,0.0,0.0,0.0,0.0,109.26,92.72,8.8,,,1e-06
50.05,0.0,0.0,0.0,0.0,0.0,0.0,0.0,0.0,109.26,92.72,8.8,,,1e-06
50.1,0.0,0.0,0.0,0.0,0.0,0.0,0.0,0.0,109.26,92.72,8.8,,,1e-06
50.15,0.0,0.0,0.0,0.0,0.0,0.0,0.0,0.0,109.26,92.72,8.8,,,1e-06
50.2,0.0,0.0,0.0,0.0,0.0,0.0,0.0,0.0,109.26,92.72,8.8,,,1e-06
50.25,0.0,0.0,0.0,0.0,0.0,0.0,0.0,0.0,109.26,92.72,8.8,,,1e-06
50.3,0.0,0.0,0.0,0.0,0.0,0.0,0.0,0.0,109.26,92.72,8.8,,,1e-06
50.35,0.0,0.0,0.0,0.0,0.0,0.0,0.0,0.0,109.26,92.72,8.8,,,1e-06
50.4,0.0,0.0,0.0,0.0,0.0,0.0,0.0,0.0,109.26,92.72,8.8,,,1e-06
50.45,0.0,0.0,0.0,0.0,0.0,0.0,0.0,0.0,109.26,92.72,8.8,,,1e-06
50.5,0.0,0.0,0.0,0.0,0.0,0.0,0.0,0.0,109.26,92.72,8.8,,,1e-06
50.55,0.0,0.0,0.0,0.0,0.0,0.0,0.0,0.0,109.26,92.72,8.8,,,1e-06
50.6,0.0,0.0,0.0,0.0,0.0,0.0,0.0,0.0,109.26,92.72,8.8,,,1e-06
50.65,0.0,0.0,0.0,0.0,0.0,0.0,0.0,0.0,109.26,92.72,8.8,,,1e-06
50.7,0.0,0.0,0.0,0.0,0.0,0.0,0.0,0.0,109.26,92.72,8.8,,,1e-06
50.75,0.0,0.0,0.0,0.0,0.0,0.0,0.0,0.0,109.26,92.72,8.8,,,1e-06
50.8,0.0,0.0,0.0,0.0,0.0,0.0,0.0,0.0,109.26,92.72,8.8,,,1e-06
50.85,0.0,0.0,0.0,0.0,0.0,0.0,0.0,0.0,109.26,92.72,8.8,,,1e-06
50.9,0.0,0.0,0.0,0.0,0.0,0.0,0.0,0.0,109.26,92.72,8.8,,,1e-06
50.95,0.0,0.0,0.0,0.0,0.0,0.0,0.0,0.0,109.26,92.72,8.8,,,1e-06
51.0,0.0,0.0,0.0,0.0,0.0,0.0,0.0,0.0,109.26,92.72,8.8,,,1e-06
51.05,0.0,0.0,0.0,0.0,0.0,0.0,0.0,0.0,109.26,92.72,8.8,,,1e-06
51.1,0.0,0.0,0.0,0.0,0.0,0.0,0.0,0.0,109.26,92.72,8.8,,,1e-06
51.15,0.0,0.0,0.0,0.0,0.0,0.0,0.0,0.0,109.26,92.72,8.8,,,1e-06
51.2,0.0,0.0,0.0,0.0,0.0,0.0,0.0,0.0,109.26,92.72,8.8,,,1e-06
51.25,0.0,0.0,0.0,0.0,0.0,0.0,0.0,0.0,109.26,92.72,8.8,,,1e-06
51.3,0.0,0.0,0.0,0.0,0.0,0.0,0.0,0.0,109.26,92.72,8.8,,,1e-06
51.35,0.0,0.0,0.0,0.0,0.0,0.0,0.0,0.0,109.26,92.72,8.8,,,1e-06
51.4,0.0,0.0,0.0,0.0,0.0,0.0,0.0,0.0,109.26,92.72,8.8,,,1e-06
51.45,0.0,0.0,0.0,0.0,0.0,0.0,0.0,0.0,109.26,92.72,8.8,,,1e-06
51.5,0.0,0.0,0.0,0.0,0.0,0.0,0.0,0.0,109.26,92.72,8.8,,,1e-06
51.55,0.0,0.0,0.0,0.0,0.0,0.0,0.0,0.0,109.26,92.72,8.8,,,1e-06
51.6,0.0,0.0,0.0,0.0,0.0,0.0,0.0,0.0,109.26,92.72,8.8,,,1e-06
51.65,0.0,0.0,0.0,0.0,0.0,0.0,0.0,0.0,109.26,92.72,8.8,,,1e-06
51.7,0.0,0.0,0.0,0.0,0.0,0.0,0.0,0.0,109.26,92.72,8.8,,,1e-06
51.75,0.0,0.0,0.0,0.0,0.0,0.0,0.0,0.0,109.26,92.72,8.8,,,1e-06
51.8,0.0,0.0,0.0,0.0,0.0,0.0,0.0,0.0,109.26,92.72,8.8,,,1e-06
51.85,0.0,0.0,0.0,0.0,0.0,0.0,0.0,0.0,109.26,92.72,8.8,,,1e-06
51.9,0.0,0.0,0.0,0.0,0.0,0.0,0.0,0.0,109.26,92.72,8.8,,,1e-06
51.95,0.0,0.0,0.0,0.0,0.0,0.0,0.0,0.0,109.26,92.72,8.8,,,1e-06
52.0,0.0,0.0,0.0,0.0,0.0,0.0,0.0,0.0,109.26,92.72,8.8,,,1e-06
52.05,0.0,0.0,0.0,0.0,0.0,0.0,0.0,0.0,109.26,92.72,8.8,,,1e-06
52.1,0.0,0.0,0.0,0.0,0.0,0.0,0.0,0.0,109.26,92.72,8.8,,,1e-06
52.15,0.0,0.0,0.0,0.0,0.0,0.0,0.0,0.0,109.26,92.72,8.8,,,1e-06
52.2,0.0,0.0,0.0,0.0,0.0,0.0,0.0,0.0,109.26,92.72,8.8,,,1e-06
52.25,0.0,0.0,0.0,0.0,0.0,0.0,0.0,0.0,109.26,92.72,8.8,,,1e-06
52.3,0.0,0.0,0.0,0.0,0.0,0.0,0.0,0.0,109.26,92.72,8.8,,,1e-06
52.35,0.0,0.0,0.0,0.0,0.0,0.0,0.0,0.0,109.26,92.72,8.8,,,1e-06
52.4,0.0,0.0,0.0,0.0,0.0,0.0,0.0,0.0,109.26,92.72,8.8,,,1e-06
52.45,0.0,0.0,0.0,0.0,0.0,0.0,0.0,0.0,109.26,92.72,8.8,,,1e-06
52.5,0.0,0.0,0.0,0.0,0.0,0.0,0.0,0.0,109.26,92.72,8.8,,,1e-06
52.55,0.0,0.0,0.0,0.0,0.0,0.0,0.0,0.0,109.26,92.72,8.8,,,1e-06
52.6,0.0,0.0,0.0,0.0,0.0,0.0,0.0,0.0,109.26,92.72,8.8,,,1e-06
52.65,0.0,0.0,0.0,0.0,0.0,0.0,0.0,0.0,109.26,92.72,8.8,,,1e-06
52.7,0.0,0.0,0.0,0.0,0.0,0.0,0.0,0.0,109.26,92.72,8.8,,,1e-06
52.75,0.0,0.0,0.0,0.0,0.0,0.0,0.0,0.0,109.26,92.72,8.8,,,1e-06
52.8,0.0,0.0,0.0,0.0,0.0,0.0,0.0,0.0,109.26,92.72,8.8,,,1e-06
52.85,0.0,0.0,0.0,0.0,0.0,0.0,0.0,0.0,109.26,92.72,8.8,,,1e-06
52.9,0.0,0.0,0.0,0.0,0.0,0.0,0.0,0.0,109.26,92.72,8.8,,,1e-06
52.95,0.0,0.0,0.0,0.0,0.0,0.0,0.0,0.0,109.26,92.72,8.8,,,1e-06
53.0,0.0,0.0,0.0,0.0,0.0,0.0,0.0,0.0,109.26,92.72,8.8,,,1e-06
53.05,0.0,0.0,0.0,0.0,0.0,0.0,0.0,0.0,109.26,92.72,8.8,,,1e-06
53.1,0.0,0.0,0.0,0.0,0.0,0.0,0.0,0.0,109.26,92.72,8.8,,,1e-06
53.15,0.0,0.0,0.0,0.0,0.0,0.0,0.0,0.0,109.26,92.72,8.8,,,1e-06
53.2,0.0,0.0,0.0,0.0,0.0,0.0,0.0,0.0,109.26,92.72,8.8,,,1e-06
53.25,0.0,0.0,0.0,0.0,0.0,0.0,0.0,0.0,109.26,92.72,8.8,,,1e-06
53.3,0.0,0.0,0.0,0.0,0.0,0.0,0.0,0.0,109.26,92.72,8.8,,,1e-06
53.35,0.0,0.0,0.0,0.0,0.0,0.0,0.0,0.0,109.26,92.72,8.8,,,1e-06
53.4,0.0,0.0,0.0,0.0,0.0,0.0,0.0,0.0,109.26,92.72,8.8,,,1e-06
53.45,0.0,0.0,0.0,0.0,0.0,0.0,0.0,0.0,109.26,92.72,8.8,,,1e-06
53.5,0.0,0.0,0.0,0.0,0.0,0.0,0.0,0.0,109.26,92.72,8.8,,,1e-06
53.55,0.0,0.0,0.0,0.0,0.0,0.0,0.0,0.0,109.26,92.72,8.8,,,1e-06
53.6,0.0,0.0,0.0,0.0,0.0,0.0,0.0,0.0,109.26,92.72,8.8,,,1e-06
53.65,0.0,0.0,0.0,0.0,0.0,0.0,0.0,0.0,109.26,92.72,8.8,,,1e-06
53.7,0.0,0.0,0.0,0.0,0.0,0.0,0.0,0.0,109.26,92.72,8.8,,,1e-06
53.75,0.0,0.0,0.0,0.0,0.0,0.0,0.0,0.0,109.26,92.72,8.8,,,1e-06
53.8,0.0,0.0,0.0,0.0,0.0,0.0,0.0,0.0,109.26,92.72,8.8,,,1e-06
53.85,0.0,0.0,0.0,0.0,0.0,0.0,0.0,0.0,109.26,92.72,8.8,,,1e-06
53.9,0.0,0.0,0.0,0.0,0.0,0.0,0.0,0.0,109.26,92.72,8.8,,,1e-06
53.95,0.0,0.0,0.0,0.0,0.0,0.0,0.0,0.0,109.26,92.72,8.8,,,1e-06
54.0,0.0,0.0,0.0,0.0,0.0,0.0,0.0,0.0,109.26,92.72,8.8,,,1e-06
54.05,0.0,0.0,0.0,0.0,0.0,0.0,0.0,0.0,109.26,92.72,8.8,,,1e-06
54.1,0.0,0.0,0.0,0.0,0.0,0.0,0.0,0.0,109.26,92.72,8.8,,,1e-06
54.15,0.0,0.0,0.0,0.0,0.0,0.0,0.0,0.0,109.26,92.72,8.8,,,1e-06
54.2,0.0,0.0,0.0,0.0,0.0,0.0,0.0,0.0,109.26,92.72,8.8,,,1e-06
54.25,0.0,0.0,0.0,0.0,0.0,0.0,0.0,0.0,109.26,92.72,8.8,,,1e-06
54.3,0.0,0.0,0.0,0.0,0.0,0.0,0.0,0.0,109.26,92.72,8.8,,,1e-06
54.35,0.0,0.0,0.0,0.0,0.0,0.0,0.0,0.0,109.26,92.72,8.8,,,1e-06
54.4,0.0,0.0,0.0,0.0,0.0,0.0,0.0,0.0,109.26,92.72,8.8,,,1e-06
54.45,0.0,0.0,0.0,0.0,0.0,0.0,0.0,0.0,109.26,92.72,8.8,,,1e-06
54.5,0.0,0.0,0.0,0.0,0.0,0.0,0.0,0.0,109.26,92.72,8.8,,,1e-06
54.55,0.0,0.0,0.0,0.0,0.0,0.0,0.0,0.0,109.26,92.72,8.8,,,1e-06
54.6,0.0,0.0,0.0,0.0,0.0,0.0,0.0,0.0,109.26,92.72,8.8,,,1e-06
54.65,0.0,0.0,0.0,0.0,0.0,0.0,0.0,0.0,109.26,92.72,8.8,,,1e-06
54.7,0.0,0.0,0.0,0.0,0.0,0.0,0.0,0.0,109.26,92.72,8.8,,,1e-06
54.75,0.0,0.0,0.0,0.0,0.0,0.0,0.0,0.0,109.26,92.72,8.8,,,1e-06
54.8,0.0,0.0,0.0,0.0,0.0,0.0,0.0,0.0,109.26,92.72,8.8,,,1e-06
54.85,0.0,0.0,0.0,0.0,0.0,0.0,0.0,0.0,109.26,92.72,8.8,,,1e-06
54.9,0.0,0.0,0.0,0.0,0.0,0.0,0.0,0.0,109.26,92.72,8.8,,,1e-06
54.95,0.0,0.0,0.0,0.0,0.0,0.0,0.0,0.0,109.26,92.72,8.8,,,1e-06
55.0,0.0,0.0,0.0,0.0,0.0,0.0,0.0,0.0,109.26,92.72,8.8,,,1e-06
55.05,0.0,0.0,0.0,0.0,0.0,0.0,0.0,0.0,109.26,92.72,8.8,,,1e-06
55.1,0.0,0.0,0.0,0.0,0.0,0.0,0.0,0.0,109.26,92.72,8.8,,,1e-06
55.15,0.0,0.0,0.0,0.0,0.0,0.0,0.0,0.0,109.26,92.72,8.8,,,1e-06
55.2,0.0,0.0,0.0,0.0,0.0,0.0,0.0,0.0,109.26,92.72,8.8,,,1e-06
55.25,0.0,0.0,0.0,0.0,0.0,0.0,0.0,0.0,109.26,92.72,8.8,,,1e-06
55.3,0.0,0.0,0.0,0.0,0.0,0.0,0.0,0.0,109.26,92.72,8.8,,,1e-06
55.35,0.0,0.0,0.0,0.0,0.0,0.0,0.0,0.0,109.26,92.72,8.8,,,1e-06
55.4,0.0,0.0,0.0,0.0,0.0,0.0,0.0,0.0,109.26,92.72,8.8,,,1e-06
55.45,0.0,0.0,0.0,0.0,0.0,0.0,0.0,0.0,109.26,92.72,8.8,,,1e-06
55.5,0.0,0.0,0.0,0.0,0.0,0.0,0.0,0.0,109.26,92.72,8.8,,,1e-06
55.55,0.0,0.0,0.0,0.0,0.0,0.0,0.0,0.0,109.26,92.72,8.8,,,1e-06
55.6,0.0,0.0,0.0,0.0,0.0,0.0,0.0,0.0,109.26,92.72,8.8,,,1e-06
55.65,0.0,0.0,0.0,0.0,0.0,0.0,0.0,0.0,109.26,92.72,8.8,,,1e-06
55.7,0.0,0.0,0.0,0.0,0.0,0.0,0.0,0.0,109.26,92.72,8.8,,,1e-06
55.75,0.0,0.0,0.0,0.0,0.0,0.0,0.0,0.0,109.26,92.72,8.8,,,1e-06
55.8,0.0,0.0,0.0,0.0,0.0,0.0,0.0,0.0,109.26,92.72,8.8,,,1e-06
55.85,0.0,0.0,0.0,0.0,0.0,0.0,0.0,0.0,109.26,92.72,8.8,,,1e-06
55.9,0.0,0.0,0.0,0.0,0.0,0.0,0.0,0.0,109.26,92.72,8.8,,,1e-06
55.95,0.0,0.0,0.0,0.0,0.0,0.0,0.0,0.0,109.26,92.72,8.8,,,1e-06
56.0,0.0,0.0,0.0,0.0,0.0,0.0,0.0,0.0,109.26,92.72,8.8,,,1e-06
56.05,0.0,0.0,0.0,0.0,0.0,0.0,0.0,0.0,109.26,92.72,8.8,,,1e-06
56.1,0.0,0.0,0.0,0.0,0.0,0.0,0.0,0.0,109.26,92.72,8.8,,,1e-06
56.15,0.0,0.0,0.0,0.0,0.0,0.0,0.0,0.0,109.26,92.72,8.8,,,1e-06
56.2,0.0,0.0,0.0,0.0,0.0,0.0,0.0,0.0,109.26,92.72,8.8,,,1e-06
56.25,0.0,0.0,0.0,0.0,0.0,0.0,0.0,0.0,109.26,92.72,8.8,,,1e-06
56.3,0.0,0.0,0.0,0.0,0.0,0.0,0.0,0.0,109.26,92.72,8.8,,,1e-06
56.35,0.0,0.0,0.0,0.0,0.0,0.0,0.0,0.0,109.26,92.72,8.8,,,1e-06
56.4,0.0,0.0,0.0,0.0,0.0,0.0,0.0,0.0,109.26,92.72,8.8,,,1e-06
56.45,0.0,0.0,0.0,0.0,0.0,0.0,0.0,0.0,109.26,92.72,8.8,,,1e-06
56.5,0.0,0.0,0.0,0.0,0.0,0.0,0.0,0.0,109.26,92.72,8.8,,,1e-06
56.55,0.0,0.0,0.0,0.0,0.0,0.0,0.0,0.0,109.26,92.72,8.8,,,1e-06
56.6,0.0,0.0,0.0,0.0,0.0,0.0,0.0,0.0,109.26,92.72,8.8,,,1e-06
56.65,0.0,0.0,0.0,0.0,0.0,0.0,0.0,0.0,109.26,92.72,8.8,,,1e-06
56.7,0.0,0.0,0.0,0.0,0.0,0.0,0.0,0.0,109.26,92.72,8.8,,,1e-06
56.75,0.0,0.0,0.0,0.0,0.0,0.0,0.0,0.0,109.26,92.72,8.8,,,1e-06
56.8,0.0,0.0,0.0,0.0,0.0,0.0,0.0,0.0,109.26,92.72,8.8,,,1e-06
56.85,0.0,0.0,0.0,0.0,0.0,0.0,0.0,0.0,109.26,92.72,8.8,,,1e-06
56.9,0.0,0.0,0.0,0.0,0.0,0.0,0.0,0.0,109.26,92.72,8.8,,,1e-06
56.95,0.0,0.0,0.0,0.0,0.0,0.0,0.0,0.0,109.26,92.72,8.8,,,1e-06
57.0,0.0,0.0,0.0,0.0,0.0,0.0,0.0,0.0,109.26,92.72,8.8,,,1e-06
57.05,0.0,0.0,0.0,0.0,0.0,0.0,0.0,0.0,109.26,92.72,8.8,,,1e-06
57.1,0.0,0.0,0.0,0.0,0.0,0.0,0.0,0.0,109.26,92.72,8.8,,,1e-06
57.15,0.0,0.0,0.0,0.0,0.0,0.0,0.0,0.0,109.26,92.72,8.8,,,1e-06
57.2,0.0,0.0,0.0,0.0,0.0,0.0,0.0,0.0,109.26,92.72,8.8,,,1e-06
57.25,0.0,0.0,0.0,0.0,0.0,0.0,0.0,0.0,109.26,92.72,8.8,,,1e-06
57.3,0.0,0.0,0.0,0.0,0.0,0.0,0.0,0.0,109.26,92.72,8.8,,,1e-06
57.35,0.0,0.0,0.0,0.0,0.0,0.0,0.0,0.0,109.26,92.72,8.8,,,1e-06
57.4,0.0,0.0,0.0,0.0,0.0,0.0,0.0,0.0,109.26,92.72,8.8,,,1e-06
57.45,0.0,0.0,0.0,0.0,0.0,0.0,0.0,0.0,109.26,92.72,8.8,,,1e-06
57.5,0.0,0.0,0.0,0.0,0.0,0.0,0.0,0.0,109.26,92.72,8.8,,,1e-06
57.55,0.0,0.0,0.0,0.0,0.0,0.0,0.0,0.0,109.26,92.72,8.8,,,1e-06
57.6,0.0,0.0,0.0,0.0,0.0,0.0,0.0,0.0,109.26,92.72,8.8,,,1e-06
57.65,0.0,0.0,0.0,0.0,0.0,0.0,0.0,0.0,109.26,92.72,8.8,,,1e-06
57.7,0.0,0.0,0.0,0.0,0.0,0.0,0.0,0.0,109.26,92.72,8.8,,,1e-06
57.75,0.0,0.0,0.0,0.0,0.0,0.0,0.0,0.0,109.26,92.72,8.8,,,1e-06
57.8,0.0,0.0,0.0,0.0,0.0,0.0,0.0,0.0,109.26,92.72,8.8,,,1e-06
57.85,0.0,0.0,0.0,0.0,0.0,0.0,0.0,0.0,109.26,92.72,8.8,,,1e-06
57.9,0.0,0.0,0.0,0.0,0.0,0.0,0.0,0.0,109.26,92.72,8.8,,,1e-06
57.95,0.0,0.0,0.0,0.0,0.0,0.0,0.0,0.0,109.26,92.72,8.8,,,1e-06
58.0,0.0,0.0,0.0,0.0,0.0,0.0,0.0,0.0,109.26,92.72,8.8,,,1e-06
58.05,0.0,0.0,0.0,0.0,0.0,0.0,0.0,0.0,109.26,92.72,8.8,,,1e-06
58.1,0.0,0.0,0.0,0.0,0.0,0.0,0.0,0.0,109.26,92.72,8.8,,,1e-06
58.15,0.0,0.0,0.0,0.0,0.0,0.0,0.0,0.0,109.26,92.72,8.8,,,1e-06
58.2,0.0,0.0,0.0,0.0,0.0,0.0,0.0,0.0,109.26,92.72,8.8,,,1e-06
58.25,0.0,0.0,0.0,0.0,0.0,0.0,0.0,0.0,109.26,92.72,8.8,,,1e-06
58.3,0.0,0.0,0.0,0.0,0.0,0.0,0.0,0.0,109.26,92.72,8.8,,,1e-06
58.35,0.0,0.0,0.0,0.0,0.0,0.0,0.0,0.0,109.26,92.72,8.8,,,1e-06
58.4,0.0,0.0,0.0,0.0,0.0,0.0,0.0,0.0,109.26,92.72,8.8,,,1e-06
58.45,0.0,0.0,0.0,0.0,0.0,0.0,0.0,0.0,109.26,92.72,8.8,,,1e-06
58.5,0.0,0.0,0.0,0.0,0.0,0.0,0.0,0.0,109.26,92.72,8.8,,,1e-06
58.55,0.0,0.0,0.0,0.0,0.0,0.0,0.0,0.0,109.26,92.72,8.8,,,1e-06
58.6,0.0,0.0,0.0,0.0,0.0,0.0,0.0,0.0,109.26,92.72,8.8,,,1e-06
58.65,0.0,0.0,0.0,0.0,0.0,0.0,0.0,0.0,109.26,92.72,8.8,,,1e-06
58.7,0.0,0.0,0.0,0.0,0.0,0.0,0.0,0.0,109.26,92.72,8.8,,,1e-06
58.75,0.0,0.0,0.0,0.0,0.0,0.0,0.0,0.0,109.26,92.72,8.8,,,1e-06
58.8,0.0,0.0,0.0,0.0,0.0,0.0,0.0,0.0,109.26,92.72,8.8,,,1e-06
58.85,0.0,0.0,0.0,0.0,0.0,0.0,0.0,0.0,109.26,92.72,8.8,,,1e-06
58.9,0.0,0.0,0.0,0.0,0.0,0.0,0.0,0.0,109.26,92.72,8.8,,,1e-06
58.95,0.0,0.0,0.0,0.0,0.0,0.0,0.0,0.0,109.26,92.72,8.8,,,1e-06
59.0,0.0,0.0,0.0,0.0,0.0,0.0,0.0,0.0,109.26,92.72,8.8,,,1e-06
59.05,0.0,0.0,0.0,0.0,0.0,0.0,0.0,0.0,109.26,92.72,8.8,,,1e-06
59.1,0.0,0.0,0.0,0.0,0.0,0.0,0.0,0.0,109.26,92.72,8.8,,,1e-06
59.15,0.0,0.0,0.0,0.0,0.0,0.0,0.0,0.0,109.26,92.72,8.8,,,1e-06
59.2,0.0,0.0,0.0,0.0,0.0,0.0,0.0,0.0,109.26,92.72,8.8,,,1e-06
59.25,0.0,0.0,0.0,0.0,0.0,0.0,0.0,0.0,109.26,92.72,8.8,,,1e-06
59.3,0.0,0.0,0.0,0.0,0.0,0.0,0.0,0.0,109.26,92.72,8.8,,,1e-06
59.35,0.0,0.0,0.0,0.0,0.0,0.0,0.0,0.0,109.26,92.72,8.8,,,1e-06
59.4,0.0,0.0,0.0,0.0,0.0,0.0,0.0,0.0,109.26,92.72,8.8,,,1e-06
59.45,0.0,0.0,0.0,0.0,0.0,0.0,0.0,0.0,109.26,92.72,8.8,,,1e-06
59.5,0.0,0.0,0.0,0.0,0.0,0.0,0.0,0.0,109.26,92.72,8.8,,,1e-06
59.55,0.0,0.0,0.0,0.0,0.0,0.0,0.0,0.0,109.26,92.72,8.8,,,1e-06
59.6,0.0,0.0,0.0,0.0,0.0,0.0,0.0,0.0,109.26,92.72,8.8,,,1e-06
59.65,0.0,0.0,0.0,0.0,0.0,0.0,0.0,0.0,109.26,92.72,8.8,,,1e-06
59.7,0.0,0.0,0.0,0.0,0.0,0.0,0.0,0.0,109.26,92.72,8.8,,,1e-06
59.75,0.0,0.0,0.0,0.0,0.0,0.0,0.0,0.0,109.26,92.72,8.8,,,1e-06
59.8,0.0,0.0,0.0,0.0,0.0,0.0,0.0,0.0,109.26,92.72,8.8,,,1e-06
59.85,0.0,0.0,0.0,0.0,0.0,0.0,0.0,0.0,109.26,92.72,8.8,,,1e-06
59.9,0.0,0.0,0.0,0.0,0.0,0.0,0.0,0.0,109.26,92.72,8.8,,,1e-06
59.95,0.0,0.0,0.0,0.0,0.0,0.0,0.0,0.0,109.26,92.72,8.8,,,1e-06
