Time (s),Ego Speed (km/h),Lead Speed (km/h),Smoothed Lead Speed (km/h),Distance Between (m),Ego Distance Covered (m),Lead Vehicle Distance Covered (m),Ego X (m),Ego Y (m),Lead X (m),Lead Y (m)
0.0,0.01,7.06,7.06,11.02,0.0,0.0,107.0,133.0,118.0,133.42
0.05,0.01,8.82,7.94,11.01,0.0,0.11,107.0,133.0,118.0,133.42
0.1,0.01,10.58,8.82,11.01,0.0,0.25,107.0,133.0,118.0,133.42
0.15,0.0,10.75,9.3,11.01,0.0,0.41,107.0,133.0,118.0,133.42
0.2,0.0,7.77,9.0,11.01,0.0,0.53,107.0,133.0,118.0,133.42
0.25,0.0,4.89,8.31,11.01,0.0,0.61,107.0,133.0,118.0,133.42
0.3,0.0,0.29,7.17,11.01,0.0,0.64,107.0,133.0,118.0,133.42
0.35,0.0,1.26,6.43,11.01,0.0,0.65,107.0,133.0,118.0,133.42
0.4,0.0,1.82,5.92,11.01,0.0,0.68,107.0,133.0,118.0,133.42
0.45,0.0,2.03,5.53,11.01,0.0,0.7,107.0,133.0,118.0,133.42
0.5,0.0,1.97,5.02,11.01,0.0,0.73,107.0,133.0,118.0,133.42
0.55,0.0,1.73,4.31,11.01,0.0,0.76,107.0,133.0,118.0,133.42
0.6000000000000001,0.0,1.39,3.39,11.01,0.0,0.78,107.0,133.0,118.0,133.42
0.65,0.0,1.01,2.41,11.01,0.0,0.8,107.0,133.0,118.0,133.42
0.7000000000000001,0.0,0.64,1.7,11.01,0.0,0.81,107.0,133.0,118.0,133.42
0.75,0.0,0.32,1.24,11.01,0.0,0.81,107.0,133.0,118.0,133.42
0.8,0.0,0.06,1.22,11.01,0.0,0.81,107.0,133.0,118.0,133.42
0.8500000000000001,0.0,0.13,1.11,11.01,0.0,0.82,107.0,133.0,118.0,133.42
0.9,0.0,0.25,0.95,11.01,0.0,0.82,107.0,133.0,118.0,133.42
0.95,0.0,0.31,0.78,11.01,0.0,0.82,107.0,133.0,118.0,133.42
1.0,0.0,0.32,0.61,11.01,0.0,0.83,107.0,133.0,118.0,133.42
1.05,0.0,0.29,0.47,11.01,0.0,0.83,107.0,133.0,118.0,133.42
1.1,0.0,0.24,0.36,11.01,0.0,0.83,107.0,133.0,118.0,133.42
1.15,0.0,0.19,0.27,11.01,0.0,0.84,107.0,133.0,118.0,133.42
1.2000000000000002,0.0,0.13,0.22,11.01,0.0,0.84,107.0,133.0,118.0,133.42
1.25,0.0,0.07,0.2,11.01,0.0,0.84,107.0,133.0,118.0,133.42
1.3,0.0,0.03,0.19,11.01,0.0,0.84,107.0,133.0,118.0,133.42
1.35,0.0,0.01,0.18,11.01,0.0,0.84,107.0,133.0,118.0,133.42
1.4,0.0,0.03,0.16,11.01,0.0,0.84,107.0,133.0,118.0,133.42
1.4500000000000002,0.0,0.0,0.13,11.01,0.0,0.84,107.0,133.0,118.0,133.42
1.5,0.0,0.0,0.1,11.01,0.0,0.84,107.0,133.0,118.0,133.42
1.55,0.0,0.0,0.07,11.01,0.0,0.84,107.0,133.0,118.0,133.42
1.6,0.0,0.0,0.05,11.01,0.0,0.84,107.0,133.0,118.0,133.42
1.65,0.0,0.0,0.03,11.01,0.0,0.84,107.0,133.0,118.0,133.42
1.7000000000000002,0.0,0.0,0.01,11.01,0.0,0.84,107.0,133.0,118.0,133.42
1.75,0.0,0.0,0.01,11.01,0.0,0.84,107.0,133.0,118.0,133.42
1.8,0.0,0.0,0.0,11.01,0.0,0.84,107.0,133.0,118.0,133.42
1.85,0.0,0.0,0.0,11.01,0.0,0.84,107.0,133.0,118.0,133.42
1.9,0.0,0.0,0.0,11.01,0.0,0.84,107.0,133.0,118.0,133.42
1.95,0.0,0.0,0.0,11.01,0.0,0.84,107.0,133.0,118.0,133.42
2.0,0.0,0.0,0.0,11.01,0.0,0.84,107.0,133.0,118.0,133.42
2.0500000000000003,0.0,0.0,0.0,11.01,0.0,0.84,107.0,133.0,118.0,133.42
2.1,0.0,0.0,0.0,11.01,0.0,0.84,107.0,133.0,118.0,133.42
2.15,0.0,0.0,0.0,11.01,0.0,0.84,107.0,133.0,118.0,133.42
2.2,0.0,0.0,0.0,11.01,0.0,0.84,107.0,133.0,118.0,133.42
2.25,0.0,0.0,0.0,11.01,0.0,0.84,107.0,133.0,118.0,133.42
2.3000000000000003,0.0,0.0,0.0,11.01,0.0,0.84,107.0,133.0,118.0,133.42
2.35,0.0,0.0,0.0,11.01,0.0,0.84,107.0,133.0,118.0,133.42
2.4000000000000004,0.0,0.0,0.0,11.01,0.0,0.84,107.0,133.0,118.0,133.42
2.45,0.0,0.0,0.0,11.01,0.0,0.84,107.0,133.0,118.0,133.42
2.5,0.0,0.0,0.0,11.01,0.0,0.84,107.0,133.0,118.0,133.42
2.5500000000000003,0.0,0.0,0.0,11.01,0.0,0.84,107.0,133.0,118.0,133.42
2.6,0.0,0.0,0.0,11.01,0.0,0.84,107.0,133.0,118.0,133.42
2.6500000000000004,0.0,0.0,0.0,11.01,0.0,0.84,107.0,133.0,118.0,133.42
2.7,0.0,0.0,0.0,11.01,0.0,0.84,107.0,133.0,118.0,133.42
2.75,0.0,0.0,0.0,11.01,0.0,0.84,107.0,133.0,118.0,133.42
2.8000000000000003,0.0,0.0,0.0,11.01,0.0,0.84,107.0,133.0,118.0,133.42
2.85,0.0,0.0,0.0,11.01,0.0,0.84,107.0,133.0,118.0,133.42
2.9000000000000004,0.0,0.0,0.0,11.01,0.0,0.84,107.0,133.0,118.0,133.42
2.95,0.0,0.0,0.0,11.01,0.0,0.84,107.0,133.0,118.0,133.42
3.0,0.0,0.0,0.0,11.01,0.0,0.84,107.0,133.0,118.0,133.42
3.0500000000000003,0.0,0.0,0.0,11.01,0.0,0.84,107.0,133.0,118.0,133.42
3.1,0.0,0.0,0.0,11.01,0.0,0.84,107.0,133.0,118.0,133.42
3.1500000000000004,0.0,0.0,0.0,11.01,0.0,0.84,107.0,133.0,118.0,133.42
3.2,0.0,0.0,0.0,11.01,0.0,0.84,107.0,133.0,118.0,133.42
3.25,0.0,0.0,0.0,11.01,0.0,0.84,107.0,133.0,118.0,133.42
3.3000000000000003,0.0,0.0,0.0,11.01,0.0,0.84,107.0,133.0,118.0,133.42
3.35,0.0,0.0,0.0,11.01,0.0,0.84,107.0,133.0,118.0,133.42
3.4000000000000004,0.0,0.0,0.0,11.01,0.0,0.84,107.0,133.0,118.0,133.42
3.45,0.0,0.0,0.0,11.01,0.0,0.84,107.0,133.0,118.0,133.42
3.5,0.0,0.0,0.0,11.01,0.0,0.84,107.0,133.0,118.0,133.42
3.5500000000000003,0.0,0.0,0.0,11.01,0.0,0.84,107.0,133.0,118.0,133.42
3.6,0.0,0.0,0.0,11.01,0.0,0.84,107.0,133.0,118.0,133.42
3.65,0.0,0.0,0.0,11.01,0.0,0.84,107.0,133.0,118.0,133.42
3.7,0.0,0.0,0.0,11.01,0.0,0.84,107.0,133.0,118.0,133.42
3.75,0.0,0.0,0.0,11.01,0.0,0.84,107.0,133.0,118.0,133.42
3.8,0.0,0.0,0.0,11.01,0.0,0.84,107.0,133.0,118.0,133.42
3.85,0.0,0.0,0.0,11.01,0.0,0.84,107.0,133.0,118.0,133.42
3.9,0.0,0.0,0.0,11.01,0.0,0.84,107.0,133.0,118.0,133.42
3.95,0.0,0.0,0.0,11.01,0.0,0.84,107.0,133.0,118.0,133.42
4.0,0.0,0.0,0.0,11.01,0.0,0.84,107.0,133.0,118.0,133.42
4.05,0.0,0.0,0.0,11.01,0.0,0.84,107.0,133.0,118.0,133.42
4.1000000000000005,0.0,0.0,0.0,11.01,0.0,0.84,107.0,133.0,118.0,133.42
4.15,0.0,0.0,0.0,11.01,0.0,0.84,107.0,133.0,118.0,133.42
4.2,0.0,0.0,0.0,11.01,0.0,0.84,107.0,133.0,118.0,133.42
4.25,0.0,0.0,0.0,11.01,0.0,0.84,107.0,133.0,118.0,133.42
4.3,0.0,0.0,0.0,11.01,0.0,0.84,107.0,133.0,118.0,133.42
4.3500000000000005,0.0,0.0,0.0,11.01,0.0,0.84,107.0,133.0,118.0,133.42
4.4,0.0,0.0,0.0,11.01,0.0,0.84,107.0,133.0,118.0,133.42
4.45,0.0,0.0,0.0,11.01,0.0,0.84,107.0,133.0,118.0,133.42
4.5,0.0,0.0,0.0,11.01,0.0,0.84,107.0,133.0,118.0,133.42
4.55,0.0,0.0,0.0,11.01,0.0,0.84,107.0,133.0,118.0,133.42
4.6000000000000005,0.0,0.0,0.0,11.01,0.0,0.84,107.0,133.0,118.0,133.42
4.65,0.0,0.0,0.0,11.01,0.0,0.84,107.0,133.0,118.0,133.42
4.7,0.0,0.0,0.0,11.01,0.0,0.84,107.0,133.0,118.0,133.42
4.75,0.0,0.0,0.0,11.01,0.0,0.84,107.0,133.0,118.0,133.42
4.800000000000001,0.0,0.0,0.0,11.01,0.0,0.84,107.0,133.0,118.0,133.42
4.8500000000000005,0.0,0.0,0.0,11.01,0.0,0.84,107.0,133.0,118.0,133.42
4.9,0.0,0.0,0.0,11.01,0.0,0.84,107.0,133.0,118.0,133.42
4.95,0.0,0.0,0.0,11.01,0.0,0.84,107.0,133.0,118.0,133.42
5.0,0.0,0.0,0.0,11.01,0.0,0.84,107.0,133.0,118.0,133.42
5.050000000000001,0.0,0.0,0.0,11.01,0.0,0.84,107.0,133.0,118.0,133.42
5.1000000000000005,0.0,0.0,0.0,11.01,0.0,0.84,107.0,133.0,118.0,133.42
5.15,0.0,0.0,0.0,11.01,0.0,0.84,107.0,133.0,118.0,133.42
5.2,0.0,0.0,0.0,11.01,0.0,0.84,107.0,133.0,118.0,133.42
5.25,0.0,0.0,0.0,11.01,0.0,0.84,107.0,133.0,118.0,133.42
5.300000000000001,0.0,0.0,0.0,11.01,0.0,0.84,107.0,133.0,118.0,133.42
5.3500000000000005,0.0,0.0,0.0,11.01,0.0,0.84,107.0,133.0,118.0,133.42
5.4,0.0,0.0,0.0,11.01,0.0,0.84,107.0,133.0,118.0,133.42
5.45,0.0,0.0,0.0,11.01,0.0,0.84,107.0,133.0,118.0,133.42
5.5,0.0,0.0,0.0,11.01,0.0,0.84,107.0,133.0,118.0,133.42
5.550000000000001,0.0,0.0,0.0,11.01,0.0,0.84,107.0,133.0,118.0,133.42
5.6000000000000005,0.0,0.0,0.0,11.01,0.0,0.84,107.0,133.0,118.0,133.42
5.65,0.0,0.0,0.0,11.01,0.0,0.84,107.0,133.0,118.0,133.42
5.7,0.0,0.0,0.0,11.01,0.0,0.84,107.0,133.0,118.0,133.42
5.75,0.0,0.0,0.0,11.01,0.0,0.84,107.0,133.0,118.0,133.42
5.800000000000001,0.0,0.0,0.0,11.01,0.0,0.84,107.0,133.0,118.0,133.42
5.8500000000000005,0.0,0.0,0.0,11.01,0.0,0.84,107.0,133.0,118.0,133.42
5.9,0.0,0.0,0.0,11.01,0.0,0.84,107.0,133.0,118.0,133.42
5.95,0.0,0.0,0.0,11.01,0.0,0.84,107.0,133.0,118.0,133.42
6.0,0.0,0.0,0.0,11.01,0.0,0.84,107.0,133.0,118.0,133.42
6.050000000000001,0.0,0.0,0.0,11.01,0.0,0.84,107.0,133.0,118.0,133.42
6.1000000000000005,0.0,0.0,0.0,11.01,0.0,0.84,107.0,133.0,118.0,133.42
6.15,0.0,0.0,0.0,11.01,0.0,0.84,107.0,133.0,118.0,133.42
6.2,0.0,0.0,0.0,11.01,0.0,0.84,107.0,133.0,118.0,133.42
6.25,0.0,0.0,0.0,11.01,0.0,0.84,107.0,133.0,118.0,133.42
6.300000000000001,0.0,0.0,0.0,11.01,0.0,0.84,107.0,133.0,118.0,133.42
6.3500000000000005,0.0,0.0,0.0,11.01,0.0,0.84,107.0,133.0,118.0,133.42
6.4,0.0,0.0,0.0,11.01,0.0,0.84,107.0,133.0,118.0,133.42
6.45,0.0,0.0,0.0,11.01,0.0,0.84,107.0,133.0,118.0,133.42
6.5,0.0,0.0,0.0,11.01,0.0,0.84,107.0,133.0,118.0,133.42
6.550000000000001,0.0,0.0,0.0,11.01,0.0,0.84,107.0,133.0,118.0,133.42
6.6000000000000005,0.0,0.0,0.0,11.01,0.0,0.84,107.0,133.0,118.0,133.42
6.65,0.0,0.0,0.0,11.01,0.0,0.84,107.0,133.0,118.0,133.42
6.7,0.0,0.0,0.0,11.01,0.0,0.84,107.0,133.0,118.0,133.42
6.75,0.0,0.0,0.0,11.01,0.0,0.84,107.0,133.0,118.0,133.42
6.800000000000001,0.0,0.0,0.0,11.01,0.0,0.84,107.0,133.0,118.0,133.42
6.8500000000000005,0.0,0.0,0.0,11.01,0.0,0.84,107.0,133.0,118.0,133.42
6.9,0.0,0.0,0.0,11.01,0.0,0.84,107.0,133.0,118.0,133.42
6.95,0.0,0.0,0.0,11.01,0.0,0.84,107.0,133.0,118.0,133.42
7.0,0.0,0.0,0.0,11.01,0.0,0.84,107.0,133.0,118.0,133.42
7.050000000000001,0.0,0.0,0.0,11.01,0.0,0.84,107.0,133.0,118.0,133.42
7.1000000000000005,0.0,0.0,0.0,11.01,0.0,0.84,107.0,133.0,118.0,133.42
7.15,0.0,0.0,0.0,11.01,0.0,0.84,107.0,133.0,118.0,133.42
7.2,0.0,0.0,0.0,11.01,0.0,0.84,107.0,133.0,118.0,133.42
7.25,0.0,0.0,0.0,11.01,0.0,0.84,107.0,133.0,118.0,133.42
7.300000000000001,0.0,0.0,0.0,11.01,0.0,0.84,107.0,133.0,118.0,133.42
7.35,0.0,0.0,0.0,11.01,0.0,0.84,107.0,133.0,118.0,133.42
7.4,0.0,0.0,0.0,11.01,0.0,0.84,107.0,133.0,118.0,133.42
7.45,0.0,0.0,0.0,11.01,0.0,0.84,107.0,133.0,118.0,133.42
7.5,0.0,0.0,0.0,11.01,0.0,0.84,107.0,133.0,118.0,133.42
7.550000000000001,0.0,0.0,0.0,11.01,0.0,0.84,107.0,133.0,118.0,133.42
7.6,0.0,0.0,0.0,11.01,0.0,0.84,107.0,133.0,118.0,133.42
7.65,0.0,0.0,0.0,11.01,0.0,0.84,107.0,133.0,118.0,133.42
7.7,0.0,0.0,0.0,11.01,0.0,0.84,107.0,133.0,118.0,133.42
7.75,0.0,0.0,0.0,11.01,0.0,0.84,107.0,133.0,118.0,133.42
7.800000000000001,0.0,0.0,0.0,11.01,0.0,0.84,107.0,133.0,118.0,133.42
7.85,0.0,0.0,0.0,11.01,0.0,0.84,107.0,133.0,118.0,133.42
7.9,0.0,0.0,0.0,11.01,0.0,0.84,107.0,133.0,118.0,133.42
7.95,0.0,0.0,0.0,11.01,0.0,0.84,107.0,133.0,118.0,133.42
8.0,0.0,0.0,0.0,11.01,0.0,0.84,107.0,133.0,118.0,133.42
8.05,0.0,0.0,0.0,11.01,0.0,0.84,107.0,133.0,118.0,133.42
8.1,0.0,0.0,0.0,11.01,0.0,0.84,107.0,133.0,118.0,133.42
8.15,0.0,0.0,0.0,11.01,0.0,0.84,107.0,133.0,118.0,133.42
8.200000000000001,0.0,0.0,0.0,11.01,0.0,0.84,107.0,133.0,118.0,133.42
8.25,0.0,0.0,0.0,11.01,0.0,0.84,107.0,133.0,118.0,133.42
8.3,0.0,0.0,0.0,11.01,0.0,0.84,107.0,133.0,118.0,133.42
8.35,0.0,0.0,0.0,11.01,0.0,0.84,107.0,133.0,118.0,133.42
8.4,0.0,0.0,0.0,11.01,0.0,0.84,107.0,133.0,118.0,133.42
8.450000000000001,0.0,0.0,0.0,11.01,0.0,0.84,107.0,133.0,118.0,133.42
8.5,0.0,0.0,0.0,11.01,0.0,0.84,107.0,133.0,118.0,133.42
8.55,0.0,0.0,0.0,11.01,0.0,0.84,107.0,133.0,118.0,133.42
8.6,0.0,0.0,0.0,11.01,0.0,0.84,107.0,133.0,118.0,133.42
8.65,0.0,0.0,0.0,11.01,0.0,0.84,107.0,133.0,118.0,133.42
8.700000000000001,0.0,0.0,0.0,11.01,0.0,0.84,107.0,133.0,118.0,133.42
8.75,0.0,0.0,0.0,11.01,0.0,0.84,107.0,133.0,118.0,133.42
8.8,0.0,0.0,0.0,11.01,0.0,0.84,107.0,133.0,118.0,133.42
8.85,0.0,0.0,0.0,11.01,0.0,0.84,107.0,133.0,118.0,133.42
8.9,0.0,0.0,0.0,11.01,0.0,0.84,107.0,133.0,118.0,133.42
8.950000000000001,0.0,0.0,0.0,11.01,0.0,0.84,107.0,133.0,118.0,133.42
9.0,0.0,0.0,0.0,11.01,0.0,0.84,107.0,133.0,118.0,133.42
9.05,0.0,0.0,0.0,11.01,0.0,0.84,107.0,133.0,118.0,133.42
9.1,0.0,0.0,0.0,11.01,0.0,0.84,107.0,133.0,118.0,133.42
9.15,0.0,0.0,0.0,11.01,0.0,0.84,107.0,133.0,118.0,133.42
9.2,0.0,0.0,0.0,11.01,0.0,0.84,107.0,133.0,118.0,133.42
9.25,0.0,0.0,0.0,11.01,0.0,0.84,107.0,133.0,118.0,133.42
9.3,0.0,0.0,0.0,11.01,0.0,0.84,107.0,133.0,118.0,133.42
9.35,0.0,0.0,0.0,11.01,0.0,0.84,107.0,133.0,118.0,133.42
9.4,0.0,0.0,0.0,11.01,0.0,0.84,107.0,133.0,118.0,133.42
9.45,0.0,0.0,0.0,11.01,0.0,0.84,107.0,133.0,118.0,133.42
9.5,0.0,0.0,0.0,11.01,0.0,0.84,107.0,133.0,118.0,133.42
9.55,0.0,0.0,0.0,11.01,0.0,0.84,107.0,133.0,118.0,133.42
9.6,0.0,0.0,0.0,11.01,0.0,0.84,107.0,133.0,118.0,133.42
9.65,0.0,0.0,0.0,11.01,0.0,0.84,107.0,133.0,118.0,133.42
9.7,0.0,0.0,0.0,11.01,0.0,0.84,107.0,133.0,118.0,133.42
9.75,0.0,0.0,0.0,11.01,0.0,0.84,107.0,133.0,118.0,133.42
9.8,0.0,0.0,0.0,11.01,0.0,0.84,107.0,133.0,118.0,133.42
9.85,0.0,0.0,0.0,11.01,0.0,0.84,107.0,133.0,118.0,133.42
9.9,0.0,0.0,0.0,11.01,0.0,0.84,107.0,133.0,118.0,133.42
9.95,0.0,0.0,0.0,11.01,0.0,0.84,107.0,133.0,118.0,133.42
10.0,0.0,0.0,0.0,11.01,0.0,0.84,107.0,133.0,118.0,133.42
10.05,0.0,0.0,0.0,11.01,0.0,0.84,107.0,133.0,118.0,133.42
10.1,0.0,0.0,0.0,11.01,0.0,0.84,107.0,133.0,118.0,133.42
10.15,0.0,0.0,0.0,11.01,0.0,0.84,107.0,133.0,118.0,133.42
10.2,0.01,0.0,0.0,11.01,0.0,0.84,107.0,133.0,118.0,133.42
10.25,0.0,0.0,0.0,11.01,0.0,0.84,107.0,133.0,118.0,133.42
10.3,0.0,0.0,0.0,11.01,0.0,0.84,107.0,133.0,118.0,133.42
10.35,0.0,0.0,0.0,11.01,0.0,0.84,107.0,133.0,118.0,133.42
10.4,0.01,0.0,0.0,11.01,0.0,0.84,107.0,133.0,118.0,133.42
10.45,0.0,0.0,0.0,11.01,0.0,0.84,107.0,133.0,118.0,133.42
10.5,0.0,0.0,0.0,11.01,0.0,0.84,107.0,133.0,118.0,133.42
10.55,0.0,0.0,0.0,11.01,0.0,0.84,107.0,133.0,118.0,133.42
10.6,0.0,0.0,0.0,11.01,0.0,0.84,107.0,133.0,118.0,133.42
10.65,0.0,0.0,0.0,11.01,0.0,0.84,107.0,133.0,118.0,133.42
10.7,0.0,0.0,0.0,11.01,0.0,0.84,107.0,133.0,118.0,133.42
10.75,0.0,0.0,0.0,11.01,0.0,0.84,107.0,133.0,118.0,133.42
10.8,0.0,0.0,0.0,11.01,0.0,0.84,107.0,133.0,118.0,133.42
10.85,0.0,0.0,0.0,11.01,0.0,0.84,107.0,133.0,118.0,133.42
10.9,0.0,0.0,0.0,11.01,0.0,0.84,107.0,133.0,118.0,133.42
10.95,0.0,0.0,0.0,11.01,0.0,0.84,107.0,133.0,118.0,133.42
11.0,0.0,0.0,0.0,11.01,0.0,0.84,107.0,133.0,118.0,133.42
11.05,0.0,0.0,0.0,11.01,0.0,0.84,107.0,133.0,118.0,133.42
11.1,0.0,0.0,0.0,11.01,0.0,0.84,107.0,133.0,118.0,133.42
11.15,0.0,0.0,0.0,11.01,0.0,0.84,107.0,133.0,118.0,133.42
11.2,0.0,0.0,0.0,11.01,0.0,0.84,107.0,133.0,118.0,133.42
11.25,0.0,0.0,0.0,11.01,0.0,0.84,107.0,133.0,118.0,133.42
11.3,0.0,0.0,0.0,11.01,0.0,0.84,107.0,133.0,118.0,133.42
11.35,0.0,0.0,0.0,11.01,0.0,0.84,107.0,133.0,118.0,133.42
11.4,0.0,0.0,0.0,11.01,0.0,0.84,107.0,133.0,118.0,133.42
11.45,0.0,0.0,0.0,11.01,0.0,0.84,107.0,133.0,118.0,133.42
11.5,0.0,0.0,0.0,11.01,0.0,0.84,107.0,133.0,118.0,133.42
11.55,0.0,0.0,0.0,11.01,0.0,0.84,107.0,133.0,118.0,133.42
11.6,0.0,0.0,0.0,11.01,0.0,0.84,107.0,133.0,118.0,133.42
11.65,0.0,0.0,0.0,11.01,0.0,0.84,107.0,133.0,118.0,133.42
11.7,0.0,0.0,0.0,11.01,0.0,0.84,107.0,133.0,118.0,133.42
11.75,0.0,0.0,0.0,11.01,0.0,0.84,107.0,133.0,118.0,133.42
11.8,0.0,0.0,0.0,11.01,0.0,0.84,107.0,133.0,118.0,133.42
11.85,0.0,0.0,0.0,11.01,0.0,0.84,107.0,133.0,118.0,133.42
11.9,0.0,0.0,0.0,11.01,0.0,0.84,107.0,133.0,118.0,133.42
11.95,0.0,0.0,0.0,11.01,0.0,0.84,107.0,133.0,118.0,133.42
12.0,0.0,0.0,0.0,11.01,0.0,0.84,107.0,133.0,118.0,133.42
12.05,0.0,0.0,0.0,11.01,0.0,0.84,107.0,133.0,118.0,133.42
12.1,0.0,0.0,0.0,11.01,0.0,0.84,107.0,133.0,118.0,133.42
12.15,0.0,0.0,0.0,11.01,0.0,0.84,107.0,133.0,118.0,133.42
12.2,1.47,0.0,0.0,10.99,0.01,0.84,107.01,133.0,118.0,133.42
12.25,2.48,0.02,0.0,10.97,0.04,0.84,107.04,133.0,118.0,133.42
12.3,3.15,0.02,0.0,10.92,0.08,0.84,107.08,133.0,118.0,133.42
12.35,3.53,0.02,0.01,10.88,0.13,0.84,107.13,133.01,118.0,133.42
12.4,3.57,0.02,0.01,10.83,0.18,0.84,107.18,133.01,118.0,133.42
12.45,3.59,0.02,0.01,10.78,0.23,0.84,107.23,133.01,118.0,133.42
12.5,3.53,0.02,0.01,10.73,0.28,0.84,107.28,133.01,118.0,133.42
12.55,3.39,0.02,0.01,10.68,0.33,0.84,107.33,133.01,118.0,133.42
12.6,3.32,0.02,0.01,10.63,0.38,0.84,107.37,133.02,118.0,133.42
12.65,3.34,0.01,0.02,10.59,0.42,0.84,107.42,133.02,118.0,133.42
12.7,3.5,0.01,0.02,10.54,0.47,0.85,107.47,133.02,118.0,133.42
12.75,3.78,0.01,0.02,10.49,0.52,0.85,107.52,133.02,118.0,133.42
12.8,4.15,0.01,0.02,10.43,0.57,0.85,107.57,133.03,118.0,133.42
12.85,4.57,0.59,0.07,10.38,0.64,0.86,107.63,133.03,118.01,133.42
12.9,4.95,1.12,0.18,10.33,0.7,0.87,107.7,133.03,118.02,133.42
12.95,5.24,0.68,0.25,10.27,0.77,0.88,107.77,133.04,118.03,133.42
13.0,5.43,1.33,0.38,10.21,0.85,0.9,107.85,133.04,118.05,133.42
13.05,5.53,0.89,0.47,10.15,0.92,0.91,107.92,133.04,118.07,133.42
13.1,5.56,1.54,0.62,10.09,1.0,0.93,108.0,133.05,118.09,133.42
13.15,5.56,1.12,0.73,10.03,1.08,0.95,108.08,133.05,118.1,133.42
13.2,5.55,1.77,0.91,9.98,1.16,0.98,108.15,133.06,118.13,133.42
13.25,5.55,1.35,1.04,9.92,1.23,1.0,108.23,133.06,118.15,133.42
13.3,5.59,2.01,1.24,9.87,1.31,1.02,108.31,133.07,118.17,133.42
13.35,5.62,1.59,1.34,9.82,1.39,1.05,108.39,133.07,118.2,133.42
13.4,5.58,2.25,1.45,9.77,1.46,1.08,108.46,133.07,118.23,133.42
13.45,5.49,1.84,1.57,9.72,1.54,1.1,108.54,133.08,118.25,133.42
13.5,5.25,2.51,1.69,9.68,1.62,1.14,108.61,133.08,118.29,133.42
13.55,4.91,2.09,1.81,9.64,1.69,1.17,108.68,133.09,118.32,133.42
13.6,4.53,2.76,1.93,9.61,1.75,1.2,108.75,133.09,118.36,133.42
13.65,4.11,2.35,2.05,9.59,1.81,1.24,108.81,133.1,118.39,133.42
13.7,3.68,3.02,2.18,9.57,1.86,1.28,108.86,133.1,118.43,133.42
13.75,3.24,2.61,2.3,9.57,1.91,1.32,108.91,133.1,118.47,133.42
13.8,2.17,3.29,2.43,9.57,1.95,1.36,108.95,133.1,118.51,133.42
13.85,0.01,2.88,2.56,9.6,1.96,1.4,108.96,133.1,118.55,133.42
13.9,0.0,3.55,2.69,9.65,1.96,1.45,108.95,133.1,118.6,133.42
13.95,0.0,3.15,2.82,9.7,1.96,1.49,108.95,133.1,118.65,133.42
14.0,0.0,3.82,2.95,9.75,1.96,1.55,108.95,133.1,118.7,133.42
14.05,0.0,3.41,3.09,9.8,1.96,1.59,108.95,133.1,118.75,133.42
14.1,0.0,4.09,3.22,9.85,1.96,1.65,108.96,133.1,118.8,133.42
14.15,0.0,3.68,3.35,9.9,1.96,1.7,108.96,133.1,118.85,133.42
14.2,0.0,4.35,3.48,9.96,1.96,1.76,108.96,133.1,118.91,133.42
14.25,0.0,3.94,3.62,10.02,1.96,1.82,108.96,133.1,118.97,133.42
14.3,0.0,4.61,3.75,10.08,1.96,1.88,108.96,133.1,119.03,133.42
14.35,0.0,4.2,3.88,10.14,1.96,1.94,108.96,133.1,119.09,133.42
14.4,0.0,4.88,4.01,10.21,1.96,2.01,108.96,133.1,119.16,133.42
14.45,0.0,4.47,4.14,10.27,1.96,2.07,108.96,133.1,119.22,133.42
14.5,0.0,5.14,4.28,10.34,1.96,2.14,108.96,133.1,119.29,133.42
14.55,0.0,4.73,4.41,10.41,1.96,2.21,108.96,133.1,119.36,133.42
14.6,0.0,5.4,4.54,10.48,1.96,2.28,108.96,133.1,119.43,133.42
14.65,0.0,5.0,4.67,10.55,1.96,2.35,108.96,133.1,119.5,133.42
14.7,0.0,5.67,4.8,10.63,1.96,2.43,108.96,133.1,119.58,133.42
14.75,0.0,5.27,4.94,10.7,1.96,2.5,108.96,133.1,119.65,133.42
14.8,0.0,5.94,5.07,10.78,1.96,2.58,108.96,133.1,119.74,133.42
14.85,0.0,5.54,5.2,10.86,1.96,2.66,108.96,133.1,119.82,133.42
14.9,0.0,6.21,5.34,10.95,1.96,2.75,108.96,133.1,119.9,133.42
14.95,0.0,5.81,5.47,11.03,1.97,2.83,108.96,133.1,119.98,133.42
15.0,0.0,6.48,5.61,11.12,1.97,2.92,108.96,133.1,120.07,133.42
15.05,0.0,6.08,5.74,11.2,1.97,3.0,108.96,133.1,120.16,133.42
15.1,0.0,6.74,5.88,11.3,1.97,3.1,108.96,133.1,120.25,133.42
15.15,0.0,6.35,6.01,11.39,1.97,3.19,108.96,133.1,120.34,133.42
15.2,0.0,7.01,6.14,11.48,1.97,3.28,108.96,133.1,120.43,133.42
15.25,0.05,6.62,6.28,11.58,1.97,3.38,108.96,133.1,120.53,133.42
15.3,0.01,7.27,6.41,11.67,1.97,3.48,108.96,133.1,120.63,133.42
15.35,0.03,6.89,6.55,11.77,1.97,3.57,108.96,133.1,120.72,133.42
15.4,0.0,7.54,6.68,11.87,1.97,3.68,108.96,133.1,120.83,133.42
15.45,0.03,7.16,6.81,11.97,1.97,3.78,108.96,133.1,120.93,133.42
15.5,0.01,7.81,6.95,12.08,1.97,3.88,108.96,133.1,121.04,133.42
15.55,0.04,7.43,7.08,12.19,1.97,3.99,108.96,133.1,121.14,133.42
15.6,0.02,8.07,7.21,12.3,1.97,4.1,108.96,133.1,121.25,133.42
15.65,0.06,7.7,7.35,12.4,1.97,4.21,108.96,133.1,121.36,133.42
15.7,0.03,8.34,7.48,12.52,1.97,4.32,108.96,133.1,121.47,133.42
15.75,0.08,7.97,7.62,12.63,1.97,4.43,108.96,133.1,121.58,133.42
15.8,0.05,8.61,7.75,12.75,1.97,4.55,108.96,133.1,121.7,133.42
15.85,0.1,8.25,7.89,12.86,1.97,4.67,108.96,133.1,121.82,133.42
15.9,0.08,8.88,8.02,12.98,1.97,4.79,108.96,133.1,121.94,133.42
15.95,0.13,8.52,8.16,13.1,1.97,4.91,108.96,133.1,122.06,133.42
16.0,0.11,9.14,8.29,13.22,1.98,5.04,108.97,133.1,122.19,133.42
16.05,0.15,8.76,8.42,13.34,1.98,5.16,108.97,133.1,122.31,133.42
16.1,0.14,9.34,8.55,13.47,1.98,5.29,108.97,133.1,122.44,133.42
16.150000000000002,0.19,8.95,8.68,13.59,1.98,5.41,108.97,133.11,122.56,133.42
16.2,0.17,9.51,8.79,13.72,1.98,5.54,108.97,133.11,122.69,133.42
16.25,0.22,9.11,8.91,13.85,1.99,5.67,108.98,133.11,122.82,133.42
16.3,0.21,9.65,9.01,13.98,1.99,5.8,108.98,133.11,122.96,133.42
16.35,0.27,9.23,9.11,14.1,1.99,5.93,108.99,133.11,123.08,133.43
16.400000000000002,0.43,9.76,9.2,14.23,2.0,6.07,108.99,133.11,123.22,133.43
16.45,0.79,9.33,9.28,14.35,2.01,6.2,109.0,133.11,123.35,133.43
16.5,1.08,9.85,9.35,14.48,2.02,6.33,109.01,133.11,123.49,133.43
16.55,1.19,9.41,9.42,14.59,2.04,6.47,109.03,133.11,123.62,133.43
16.6,1.24,10.23,9.5,14.72,2.05,6.61,109.04,133.11,123.76,133.43
16.650000000000002,1.46,9.76,9.58,14.83,2.07,6.74,109.06,133.11,123.89,133.43
16.7,1.25,10.23,9.66,14.96,2.09,6.88,109.08,133.11,124.04,133.43
16.75,1.04,9.76,9.72,15.08,2.11,7.02,109.1,133.11,124.17,133.43
16.8,1.23,10.23,9.78,15.2,2.12,7.16,109.11,133.11,124.31,133.43
16.85,0.99,9.76,9.83,15.32,2.14,7.3,109.13,133.12,124.45,133.43
16.900000000000002,0.87,10.23,9.88,15.45,2.15,7.44,109.14,133.12,124.59,133.43
16.95,0.84,9.76,9.92,15.58,2.16,7.58,109.15,133.12,124.73,133.43
17.0,0.75,10.23,9.96,15.71,2.17,7.72,109.17,133.12,124.87,133.43
17.05,0.83,9.76,10.0,15.83,2.18,7.85,109.18,133.12,125.01,133.43
17.1,0.82,10.23,10.0,15.96,2.2,8.0,109.19,133.12,125.15,133.43
17.150000000000002,0.93,9.76,10.0,16.09,2.21,8.13,109.2,133.12,125.28,133.43
17.2,1.05,10.23,10.0,16.21,2.22,8.27,109.21,133.12,125.43,133.43
17.25,1.17,9.76,10.0,16.34,2.24,8.41,109.23,133.12,125.56,133.43
17.3,1.26,10.23,10.0,16.46,2.26,8.55,109.25,133.12,125.7,133.43
17.35,1.38,9.76,10.0,16.58,2.27,8.69,109.26,133.12,125.84,133.43
17.400000000000002,1.44,10.23,10.0,16.7,2.29,8.83,109.28,133.12,125.98,133.43
17.45,1.55,9.76,10.0,16.82,2.31,8.97,109.3,133.13,126.12,133.43
17.5,1.57,10.23,10.0,16.93,2.34,9.11,109.33,133.13,126.26,133.43
17.55,1.6,9.76,10.0,17.05,2.36,9.24,109.35,133.13,126.39,133.43
17.6,1.75,10.23,10.0,17.17,2.38,9.38,109.37,133.13,126.54,133.43
17.650000000000002,1.69,9.76,10.0,17.28,2.41,9.52,109.4,133.13,126.67,133.43
17.7,1.83,10.23,10.0,17.4,2.43,9.66,109.42,133.13,126.81,133.43
17.75,1.82,9.76,10.0,17.51,2.46,9.8,109.44,133.13,126.95,133.43
17.8,1.96,10.23,10.0,17.62,2.48,9.94,109.47,133.14,127.09,133.43
17.85,2.08,9.76,10.0,17.73,2.51,10.08,109.5,133.14,127.23,133.43
17.900000000000002,2.24,10.23,10.0,17.84,2.54,10.22,109.53,133.14,127.37,133.43
17.95,2.27,9.76,10.0,17.95,2.57,10.35,109.56,133.14,127.51,133.43
18.0,2.38,10.23,10.0,18.06,2.6,10.5,109.59,133.14,127.65,133.43
18.05,2.59,9.76,10.0,18.16,2.64,10.63,109.63,133.15,127.78,133.43
18.1,2.71,10.23,10.0,18.26,2.68,10.77,109.67,133.15,127.93,133.43
18.15,2.79,9.76,10.0,18.36,2.71,10.91,109.7,133.15,128.06,133.43
18.2,2.88,10.23,10.0,18.46,2.75,11.05,109.74,133.15,128.2,133.43
18.25,2.98,9.76,10.0,18.56,2.8,11.19,109.78,133.16,128.34,133.43
18.3,3.08,10.23,10.0,18.66,2.84,11.33,109.83,133.16,128.48,133.43
18.35,3.16,9.76,10.0,18.75,2.88,11.47,109.87,133.16,128.62,133.43
18.4,3.24,10.23,10.0,18.85,2.93,11.61,109.91,133.16,128.76,133.43
18.45,3.33,9.76,10.0,18.94,2.97,11.74,109.96,133.17,128.9,133.43
18.5,3.41,10.23,10.0,19.03,3.02,11.88,110.01,133.17,129.04,133.43
18.55,3.48,9.76,10.0,19.12,3.07,12.02,110.05,133.17,129.17,133.43
18.6,3.55,10.23,10.0,19.21,3.11,12.16,110.1,133.18,129.31,133.43
18.65,3.63,9.76,10.0,19.3,3.16,12.3,110.15,133.18,129.45,133.43
18.7,3.72,10.23,10.0,19.39,3.22,12.44,110.2,133.18,129.59,133.43
18.75,3.82,9.76,10.0,19.47,3.27,12.58,110.26,133.19,129.73,133.43
18.8,3.93,10.23,10.0,19.56,3.32,12.72,110.31,133.19,129.87,133.43
18.85,4.06,9.76,10.0,19.64,3.38,12.85,110.36,133.19,130.01,133.43
18.9,4.18,10.23,10.0,19.73,3.44,13.0,110.42,133.2,130.15,133.43
18.95,4.31,9.76,10.0,19.8,3.49,13.13,110.48,133.2,130.28,133.43
19.0,4.43,10.23,10.0,19.88,3.56,13.27,110.54,133.21,130.43,133.43
19.05,4.55,9.76,10.0,19.96,3.62,13.41,110.61,133.21,130.56,133.43
19.1,4.64,10.23,10.0,20.03,3.68,13.55,110.67,133.21,130.7,133.43
19.15,4.7,9.76,10.0,20.11,3.75,13.69,110.73,133.22,130.84,133.43
19.200000000000003,4.74,10.23,10.0,20.18,3.81,13.83,110.8,133.22,130.98,133.43
19.25,4.77,9.76,10.0,20.25,3.88,13.97,110.86,133.23,131.12,133.43
19.3,4.82,10.23,10.0,20.33,3.95,14.11,110.93,133.23,131.26,133.43
19.35,4.91,9.76,10.0,20.4,4.01,14.24,111.0,133.23,131.4,133.43
19.4,5.03,10.23,10.0,20.47,4.08,14.38,111.07,133.24,131.54,133.43
19.450000000000003,5.18,9.76,10.0,20.53,4.15,14.52,111.14,133.24,131.67,133.43
19.5,5.33,10.23,10.0,20.6,4.23,14.66,111.21,133.25,131.81,133.43
19.55,5.48,9.76,10.0,20.66,4.3,14.8,111.29,133.25,131.95,133.43
19.6,5.61,10.23,10.0,20.73,4.38,14.94,111.36,133.26,132.09,133.43
19.65,5.71,9.76,10.0,20.79,4.46,15.08,111.44,133.26,132.23,133.43
19.700000000000003,5.76,10.23,10.0,20.85,4.54,15.22,111.52,133.27,132.37,133.43
19.75,5.78,9.76,10.0,20.9,4.62,15.35,111.6,133.27,132.51,133.43
19.8,5.8,10.23,10.0,20.96,4.7,15.5,111.68,133.28,132.65,133.43
19.85,5.84,9.76,10.0,21.02,4.78,15.63,111.76,133.28,132.78,133.43
19.9,5.91,10.23,10.0,21.08,4.86,15.77,111.85,133.29,132.93,133.43
19.950000000000003,6.02,9.76,10.0,21.13,4.94,15.91,111.93,133.29,133.06,133.43
20.0,6.15,10.23,10.0,21.19,5.03,16.05,112.01,133.3,133.2,133.43
20.05,6.29,9.76,10.0,21.24,5.11,16.19,112.1,133.3,133.34,133.43
20.1,6.43,10.23,10.0,21.29,5.2,16.33,112.19,133.31,133.48,133.43
20.15,6.56,9.76,10.0,21.34,5.29,16.47,112.28,133.31,133.62,133.43
20.200000000000003,6.69,10.23,10.0,21.39,5.39,16.61,112.37,133.32,133.76,133.43
20.25,6.82,9.76,10.0,21.43,5.48,16.74,112.46,133.32,133.9,133.43
20.3,6.96,10.23,10.0,21.48,5.58,16.88,112.56,133.33,134.04,133.43
20.35,7.09,9.76,10.0,21.52,5.67,17.02,112.66,133.33,134.17,133.43
20.4,7.21,10.23,10.0,21.56,5.77,17.16,112.76,133.34,134.31,133.43
20.450000000000003,7.31,9.76,10.0,21.59,5.87,17.3,112.86,133.35,134.45,133.43
20.5,7.44,10.23,10.0,21.63,5.98,17.44,112.96,133.35,134.59,133.43
20.55,7.6,9.76,10.0,21.66,6.08,17.58,113.06,133.36,134.73,133.43
20.6,7.77,10.23,10.0,21.7,6.19,17.72,113.17,133.36,134.87,133.43
20.65,7.97,9.76,10.0,21.73,6.3,17.85,113.28,133.37,135.01,133.43
20.700000000000003,8.17,10.23,10.0,21.76,6.41,18.0,113.39,133.37,135.15,133.43
20.75,8.37,9.76,10.0,21.78,6.53,18.13,113.51,133.38,135.28,133.43
20.8,8.55,10.23,10.0,21.8,6.64,18.27,113.62,133.38,135.42,133.43
20.85,8.71,9.76,10.0,21.82,6.76,18.41,113.75,133.39,135.56,133.43
20.9,8.84,10.23,10.0,21.84,6.89,18.55,113.87,133.4,135.7,133.43
20.950000000000003,8.96,9.76,10.0,21.85,7.01,18.69,113.99,133.4,135.84,133.43
21.0,9.08,10.23,10.0,21.86,7.13,18.83,114.12,133.41,135.98,133.43
21.05,9.18,9.76,10.0,21.87,7.26,18.97,114.24,133.41,136.12,133.43
21.1,9.26,10.23,10.0,21.89,7.39,19.11,114.37,133.42,136.26,133.43
21.15,9.33,9.76,10.0,21.9,7.52,19.24,114.5,133.43,136.4,133.43
21.200000000000003,9.42,10.23,10.0,21.91,7.65,19.38,114.63,133.43,136.54,133.43
21.25,9.52,9.76,10.0,21.91,7.78,19.52,114.76,133.44,136.67,133.43
21.3,9.65,10.23,10.0,21.92,7.91,19.66,114.89,133.44,136.81,133.43
21.35,9.81,9.76,10.0,21.92,8.05,19.8,115.03,133.45,136.95,133.43
21.4,9.98,10.23,10.0,21.92,8.19,19.94,115.17,133.45,137.09,133.43
21.450000000000003,10.15,9.76,10.0,21.92,8.33,20.08,115.31,133.46,137.23,133.43
21.5,10.32,10.23,10.0,21.92,8.47,20.22,115.45,133.46,137.37,133.43
21.55,10.48,9.76,10.0,21.91,8.61,20.35,115.59,133.47,137.51,133.43
21.6,10.63,10.23,10.0,21.91,8.76,20.5,115.74,133.48,137.65,133.43
21.65,10.76,9.76,10.0,21.89,8.91,20.63,115.89,133.48,137.78,133.43
21.700000000000003,10.88,10.23,10.0,21.88,9.06,20.77,116.04,133.49,137.92,133.43
21.75,11.0,9.76,10.0,21.87,9.21,20.91,116.19,133.49,138.06,133.43
21.8,11.11,10.23,10.0,21.86,9.37,21.05,116.35,133.49,138.2,133.43
21.85,11.23,9.76,10.0,21.84,9.52,21.19,116.5,133.5,138.34,133.43
21.9,11.36,10.23,10.0,21.82,9.68,21.33,116.66,133.51,138.48,133.43
21.950000000000003,11.49,9.76,10.0,21.8,9.84,21.47,116.82,133.51,138.62,133.43
22.0,11.64,10.23,10.0,21.78,10.0,21.61,116.98,133.51,138.76,133.43
22.05,11.79,9.76,10.0,21.75,10.16,21.74,117.14,133.52,138.89,133.43
22.1,11.95,10.23,10.0,21.73,10.33,21.88,117.31,133.52,139.04,133.43
22.15,12.11,9.76,10.0,21.7,10.49,22.02,117.47,133.53,139.17,133.43
22.200000000000003,12.26,10.23,10.0,21.67,10.66,22.16,117.64,133.53,139.31,133.43
22.25,12.41,9.76,10.0,21.64,10.83,22.3,117.81,133.54,139.45,133.43
22.3,12.56,10.23,10.0,21.6,11.01,22.44,117.99,133.54,139.59,133.43
22.35,12.68,9.76,10.0,21.57,11.18,22.58,118.16,133.54,139.73,133.43
22.4,12.8,10.23,10.0,21.53,11.36,22.72,118.34,133.55,139.87,133.43
22.450000000000003,12.93,9.76,10.0,21.49,11.54,22.85,118.52,133.55,140.01,133.43
22.5,13.07,10.23,10.0,21.45,11.72,22.99,118.7,133.55,140.15,133.43
22.55,13.21,9.76,10.0,21.4,11.9,23.13,118.88,133.55,140.28,133.43
22.6,13.36,10.23,10.0,21.36,12.09,23.27,119.07,133.56,140.42,133.43
22.65,13.52,9.76,10.0,21.31,12.27,23.41,119.25,133.56,140.56,133.43
22.700000000000003,13.69,10.23,10.0,21.26,12.46,23.55,119.44,133.56,140.7,133.43
22.75,13.86,9.76,10.0,21.21,12.66,23.69,119.63,133.57,140.84,133.43
22.8,14.02,10.23,10.0,21.15,12.85,23.83,119.83,133.57,140.98,133.43
22.85,14.16,9.76,10.0,21.09,13.05,23.97,120.02,133.57,141.12,133.43
22.9,14.3,10.23,10.0,21.04,13.24,24.11,120.22,133.57,141.26,133.43
22.950000000000003,14.45,9.76,10.0,20.97,13.44,24.24,120.42,133.57,141.39,133.43
23.0,14.59,10.23,10.0,20.91,13.64,24.38,120.62,133.58,141.54,133.43
23.05,14.72,9.76,10.0,20.85,13.85,24.52,120.83,133.58,141.67,133.43
23.1,14.88,10.23,10.0,20.78,14.05,24.66,121.03,133.58,141.81,133.43
23.15,15.04,9.76,10.0,20.71,14.26,24.8,121.24,133.58,141.95,133.43
23.200000000000003,15.21,10.23,10.0,20.64,14.47,24.94,121.45,133.58,142.09,133.43
23.25,15.39,9.76,10.0,20.56,14.69,25.08,121.66,133.58,142.23,133.43
23.3,15.56,10.23,10.0,20.49,14.9,25.22,121.88,133.58,142.37,133.43
23.35,15.71,9.76,10.0,20.41,15.12,25.35,122.1,133.59,142.51,133.43
23.4,15.84,10.23,10.0,20.33,15.34,25.49,122.32,133.59,142.65,133.43
23.450000000000003,15.98,9.76,10.0,20.25,15.56,25.63,122.54,133.59,142.78,133.43
23.5,16.12,10.23,10.0,20.16,15.78,25.77,122.76,133.59,142.92,133.43
23.55,16.28,9.76,10.0,20.08,16.01,25.91,122.99,133.59,143.06,133.43
23.6,16.44,10.23,10.0,19.99,16.23,26.05,123.21,133.59,143.2,133.43
23.65,16.61,9.76,10.0,19.9,16.46,26.19,123.44,133.59,143.34,133.43
23.700000000000003,16.77,10.23,10.0,19.81,16.7,26.33,123.67,133.59,143.48,133.43
23.75,16.9,9.76,10.0,19.71,16.93,26.46,123.91,133.59,143.62,133.43
23.8,17.03,10.23,10.0,19.61,17.17,26.61,124.14,133.59,143.76,133.43
23.85,17.12,9.76,10.0,19.51,17.4,26.74,124.38,133.59,143.89,133.43
23.9,17.18,10.23,10.0,19.42,17.64,26.88,124.62,133.59,144.04,133.43
23.950000000000003,17.21,9.76,10.0,19.31,17.88,27.02,124.86,133.59,144.17,133.43
24.0,17.2,10.23,10.0,19.22,18.12,27.16,125.1,133.59,144.31,133.43
24.05,17.17,9.76,10.0,19.11,18.36,27.3,125.34,133.59,144.45,133.43
24.1,17.12,10.23,10.0,19.02,18.6,27.44,125.57,133.59,144.59,133.43
24.15,17.07,9.76,10.0,18.92,18.83,27.58,125.81,133.59,144.73,133.43
24.200000000000003,17.04,10.23,10.0,18.82,19.07,27.72,126.05,133.58,144.87,133.43
24.25,17.01,9.76,10.0,18.72,19.31,27.85,126.29,133.58,145.01,133.43
24.3,16.98,10.23,10.0,18.63,19.54,27.99,126.52,133.58,145.15,133.43
24.35,16.96,9.76,10.0,18.53,19.78,28.13,126.76,133.58,145.28,133.43
24.4,16.93,10.23,10.0,18.43,20.01,28.27,126.99,133.58,145.42,133.43
24.450000000000003,16.91,9.76,10.0,18.34,20.25,28.41,127.23,133.58,145.56,133.43
24.5,16.88,10.23,10.0,18.24,20.48,28.55,127.46,133.58,145.7,133.43
24.55,16.84,9.76,10.0,18.14,20.72,28.69,127.69,133.58,145.84,133.43
24.6,16.79,10.23,10.0,18.05,20.95,28.83,127.93,133.58,145.98,133.43
24.65,16.73,9.76,10.0,17.96,21.18,28.96,128.16,133.58,146.12,133.43
24.700000000000003,16.66,10.23,10.0,17.86,21.41,29.11,128.39,133.58,146.26,133.43
24.75,16.59,9.76,10.0,17.77,21.65,29.24,128.62,133.58,146.39,133.43
24.8,16.5,10.23,10.0,17.68,21.88,29.38,128.85,133.57,146.54,133.43
24.85,16.39,9.76,10.0,17.59,22.1,29.52,129.08,133.57,146.67,133.43
24.9,16.28,10.23,10.0,17.51,22.33,29.66,129.31,133.57,146.81,133.43
24.950000000000003,16.18,9.76,10.0,17.42,22.56,29.8,129.53,133.57,146.95,133.43
25.0,16.05,10.23,10.0,17.33,22.78,29.94,129.76,133.57,147.09,133.43
25.05,15.91,9.76,10.0,17.25,23.0,30.08,129.98,133.57,147.23,133.43
25.1,15.75,10.23,10.0,17.17,23.22,30.22,130.2,133.57,147.37,133.43
25.15,15.6,9.76,10.0,17.09,23.44,30.35,130.42,133.57,147.51,133.43
25.200000000000003,15.46,10.23,10.0,17.01,23.65,30.49,130.63,133.57,147.65,133.43
25.25,15.33,9.76,10.0,16.94,23.87,30.63,130.85,133.57,147.78,133.43
25.3,15.23,10.23,10.0,16.87,24.08,30.77,131.06,133.57,147.92,133.43
25.35,15.15,9.76,10.0,16.79,24.29,30.91,131.27,133.57,148.06,133.43
25.4,15.05,10.23,10.0,16.72,24.5,31.05,131.48,133.57,148.2,133.43
25.450000000000003,14.92,9.76,10.0,16.65,24.71,31.19,131.69,133.57,148.34,133.43
25.5,14.75,10.23,10.0,16.59,24.91,31.33,131.89,133.57,148.48,133.43
25.55,14.57,9.76,10.0,16.52,25.12,31.46,132.1,133.57,148.62,133.43
25.6,14.38,10.23,10.0,16.46,25.32,31.61,132.3,133.57,148.76,133.43
25.65,14.19,9.76,10.0,16.4,25.52,31.74,132.49,133.57,148.89,133.43
25.700000000000003,14.04,10.23,10.0,16.35,25.71,31.88,132.69,133.57,149.04,133.43
25.75,13.91,9.76,10.0,16.29,25.9,32.02,132.88,133.56,149.17,133.43
25.8,13.76,10.23,10.0,16.24,26.1,32.16,133.07,133.56,149.31,133.43
25.85,13.58,9.76,10.0,16.19,26.29,32.3,133.26,133.56,149.45,133.43
25.9,13.38,10.23,10.0,16.14,26.47,32.44,133.45,133.56,149.59,133.43
25.950000000000003,13.17,9.76,10.0,16.09,26.66,32.58,133.64,133.56,149.73,133.43
26.0,12.96,10.23,10.0,16.05,26.84,32.72,133.82,133.56,149.87,133.43
26.05,12.77,9.76,10.0,16.01,27.02,32.85,134.0,133.56,150.01,133.43
26.1,12.59,10.23,10.0,15.98,27.19,32.99,134.17,133.56,150.15,133.43
26.15,12.45,9.76,10.0,15.94,27.37,33.13,134.35,133.56,150.28,133.43
26.200000000000003,12.37,10.23,10.0,15.91,27.54,33.27,134.52,133.56,150.42,133.43
26.25,12.36,9.76,10.0,15.87,27.71,33.41,134.69,133.56,150.56,133.43
26.3,12.37,10.23,10.0,15.84,27.88,33.55,134.86,133.56,150.7,133.43
26.35,12.41,9.76,10.0,15.81,28.05,33.69,135.03,133.56,150.84,133.43
26.4,12.44,10.23,10.0,15.77,28.23,33.83,135.21,133.56,150.98,133.43
26.450000000000003,12.45,9.76,10.0,15.74,28.4,33.96,135.38,133.56,151.12,133.43
26.5,12.45,10.23,10.0,15.71,28.57,34.11,135.55,133.56,151.26,133.43
26.55,12.42,9.76,10.0,15.67,28.75,34.24,135.72,133.56,151.39,133.43
26.6,12.35,10.23,10.0,15.64,28.92,34.38,135.9,133.56,151.54,133.43
26.65,12.25,9.76,10.0,15.61,29.09,34.52,136.07,133.56,151.67,133.43
26.700000000000003,12.15,10.23,10.0,15.58,29.26,34.66,136.24,133.56,151.81,133.43
26.75,12.06,9.76,10.0,15.55,29.43,34.8,136.4,133.56,151.95,133.43
26.8,12.02,10.23,10.0,15.52,29.59,34.94,136.57,133.56,152.09,133.43
26.85,12.02,9.76,10.0,15.49,29.76,35.08,136.74,133.56,152.23,133.43
26.9,12.07,10.23,10.0,15.46,29.93,35.22,136.91,133.56,152.37,133.43
26.950000000000003,12.14,9.76,10.0,15.43,30.1,35.35,137.07,133.56,152.51,133.43
27.0,12.24,10.23,10.0,15.4,30.26,35.49,137.24,133.56,152.65,133.43
27.05,12.33,9.76,10.0,15.37,30.44,35.63,137.41,133.56,152.78,133.43
27.1,12.41,10.23,10.0,15.34,30.61,35.77,137.59,133.56,152.92,133.43
27.15,12.44,9.76,10.0,15.3,30.78,35.91,137.76,133.56,153.06,133.43
27.200000000000003,12.42,10.23,10.0,15.27,30.95,36.05,137.93,133.56,153.2,133.43
27.25,12.35,9.76,10.0,15.24,31.12,36.19,138.1,133.56,153.34,133.43
27.3,12.24,10.23,10.0,15.21,31.3,36.33,138.27,133.56,153.48,133.43
27.35,12.11,9.76,10.0,15.17,31.46,36.46,138.44,133.56,153.62,133.43
27.4,11.97,10.23,10.0,15.15,31.63,36.61,138.61,133.56,153.76,133.43
27.450000000000003,11.84,9.76,10.0,15.12,31.8,36.74,138.77,133.56,153.89,133.43
27.5,11.74,10.23,10.0,15.1,31.96,36.88,138.94,133.56,154.04,133.43
27.55,11.66,9.76,10.0,15.07,32.12,37.02,139.1,133.56,154.17,133.43
27.6,11.63,10.23,10.0,15.05,32.28,37.16,139.26,133.56,154.31,133.44
27.65,11.63,9.76,10.0,15.03,32.45,37.3,139.42,133.56,154.45,133.44
27.700000000000003,11.66,10.23,10.0,15.0,32.61,37.44,139.59,133.56,154.59,133.44
27.75,11.7,9.76,10.0,14.98,32.77,37.58,139.75,133.56,154.73,133.44
27.8,11.74,10.23,10.0,14.96,32.93,37.72,139.91,133.56,154.87,133.44
27.85,11.79,9.76,10.0,14.93,33.1,37.85,140.07,133.56,155.01,133.44
27.9,11.81,10.23,10.0,14.91,33.26,37.99,140.24,133.56,155.15,133.44
27.950000000000003,11.81,9.76,10.0,14.88,33.42,38.13,140.4,133.56,155.28,133.44
28.0,11.77,10.23,10.0,14.86,33.59,38.27,140.57,133.56,155.42,133.44
28.05,11.7,9.76,10.0,14.83,33.75,38.41,140.73,133.56,155.56,133.44
28.1,11.61,10.23,10.0,14.81,33.91,38.55,140.89,133.56,155.7,133.44
28.15,11.5,9.76,10.0,14.79,34.07,38.69,141.05,133.56,155.84,133.44
28.200000000000003,11.4,10.23,10.0,14.77,34.23,38.83,141.21,133.56,155.98,133.44
28.25,11.31,9.76,10.0,14.75,34.39,38.96,141.37,133.56,156.12,133.44
28.3,11.27,10.23,10.0,14.73,34.55,39.11,141.52,133.56,156.26,133.44
28.35,11.26,9.76,10.0,14.71,34.7,39.24,141.68,133.56,156.39,133.44
28.4,11.3,10.23,10.0,14.7,34.86,39.38,141.84,133.56,156.53,133.44
28.450000000000003,11.37,9.76,10.0,14.68,35.02,39.52,141.99,133.56,156.67,133.44
28.5,11.44,10.23,10.0,14.66,35.17,39.66,142.15,133.56,156.81,133.44
28.55,11.51,9.76,10.0,14.64,35.33,39.8,142.31,133.56,156.95,133.44
28.6,11.57,10.23,10.0,14.62,35.49,39.94,142.47,133.56,157.09,133.44
28.65,11.59,9.76,10.0,14.59,35.66,40.08,142.63,133.56,157.23,133.44
28.700000000000003,11.56,10.23,10.0,14.57,35.82,40.22,142.79,133.56,157.37,133.44
28.75,11.5,9.76,10.0,14.55,35.98,40.35,142.96,133.56,157.51,133.44
28.8,11.41,10.23,10.0,14.53,36.14,40.49,143.11,133.56,157.65,133.44
28.85,11.31,9.76,10.0,14.51,36.29,40.63,143.27,133.56,157.78,133.44
28.9,11.2,10.23,10.0,14.5,36.45,40.77,143.43,133.56,157.92,133.44
28.950000000000003,11.11,9.76,10.0,14.48,36.6,40.91,143.58,133.56,158.06,133.44
29.0,11.04,10.23,10.0,14.47,36.76,41.05,143.74,133.56,158.2,133.44
29.05,10.99,9.76,10.0,14.45,36.91,41.19,143.89,133.56,158.34,133.44
29.1,10.98,10.23,10.0,14.44,37.06,41.33,144.04,133.56,158.48,133.44
29.15,11.0,9.76,10.0,14.42,37.22,41.46,144.19,133.56,158.62,133.44
29.200000000000003,11.06,10.23,10.0,14.41,37.37,41.61,144.35,133.56,158.76,133.44
29.25,11.14,9.76,10.0,14.39,37.52,41.74,144.5,133.56,158.89,133.44
29.3,11.22,10.23,10.0,14.38,37.68,41.88,144.66,133.56,159.03,133.44
29.35,11.3,9.76,10.0,14.36,37.84,42.02,144.81,133.56,159.17,133.44
29.4,11.35,10.23,10.0,14.34,37.99,42.16,144.97,133.56,159.31,133.44
29.450000000000003,11.36,9.76,10.0,14.32,38.15,42.3,145.13,133.56,159.45,133.44
29.5,11.32,10.23,10.0,14.3,38.31,42.44,145.29,133.56,159.59,133.44
29.55,11.25,9.76,10.0,14.28,38.47,42.58,145.44,133.56,159.73,133.44
29.6,11.16,10.23,10.0,14.27,38.62,42.72,145.6,133.56,159.87,133.44
29.65,11.08,9.76,10.0,14.25,38.77,42.85,145.75,133.56,160.01,133.44
29.700000000000003,11.02,10.23,10.0,14.24,38.93,42.99,145.91,133.56,160.15,133.44
29.75,11.0,9.76,10.0,14.22,39.08,43.13,146.06,133.56,160.28,133.44
29.8,10.99,10.23,10.0,14.21,39.23,43.27,146.21,133.56,160.42,133.44
29.85,10.98,9.76,10.0,14.2,39.39,43.41,146.37,133.56,160.56,133.44
29.9,10.97,10.23,10.0,14.18,39.54,43.55,146.52,133.57,160.7,133.44
29.950000000000003,10.94,9.76,10.0,14.17,39.69,43.69,146.67,133.57,160.84,133.44
30.0,10.89,10.23,10.0,14.16,39.84,43.83,146.82,133.57,160.98,133.44
30.05,10.82,9.76,10.0,14.15,39.99,43.96,146.97,133.57,161.12,133.44
30.1,10.73,10.23,10.0,14.14,40.14,44.1,147.12,133.57,161.26,133.44
30.15,10.64,9.76,10.0,14.12,40.29,44.24,147.27,133.57,161.39,133.44
30.200000000000003,10.53,10.23,10.0,14.12,40.44,44.38,147.42,133.57,161.53,133.44
30.25,10.44,9.76,10.0,14.11,40.58,44.52,147.56,133.57,161.67,133.44
30.3,10.39,10.23,10.0,14.11,40.73,44.66,147.71,133.57,161.81,133.44
30.35,10.41,9.76,10.0,14.1,40.87,44.8,147.85,133.57,161.95,133.44
30.4,10.47,10.23,10.0,14.09,41.02,44.94,148.0,133.57,162.09,133.44
30.450000000000003,10.56,9.76,10.0,14.09,41.16,45.08,148.14,133.57,162.23,133.44
30.5,10.66,10.23,10.0,14.08,41.31,45.22,148.29,133.57,162.37,133.44
30.55,10.75,9.76,10.0,14.07,41.46,45.35,148.44,133.57,162.5,133.44
30.6,10.83,10.23,10.0,14.06,41.61,45.49,148.59,133.57,162.65,133.44
30.65,10.87,9.76,10.0,14.04,41.76,45.63,148.74,133.57,162.78,133.44
30.700000000000003,10.87,10.23,10.0,14.03,41.91,45.77,148.89,133.57,162.92,133.44
30.75,10.85,9.76,10.0,14.02,42.06,45.91,149.04,133.57,163.06,133.44
30.8,10.8,10.23,10.0,14.01,42.21,46.05,149.19,133.57,163.2,133.44
30.85,10.74,9.76,10.0,14.0,42.36,46.19,149.34,133.57,163.34,133.44
30.9,10.66,10.23,10.0,13.99,42.51,46.33,149.49,133.57,163.48,133.44
30.950000000000003,10.57,9.76,10.0,13.98,42.66,46.46,149.64,133.57,163.62,133.44
31.0,10.49,10.23,10.0,13.97,42.8,46.6,149.78,133.57,163.76,133.44
31.05,10.41,9.76,10.0,13.97,42.95,46.74,149.93,133.57,163.89,133.44
31.1,10.35,10.23,10.0,13.96,43.09,46.88,150.07,133.57,164.03,133.44
31.15,10.31,9.76,10.0,13.96,43.24,47.02,150.21,133.57,164.17,133.44
31.200000000000003,10.29,10.23,10.0,13.96,43.38,47.16,150.36,133.57,164.31,133.44
31.25,10.31,9.76,10.0,13.95,43.52,47.3,150.5,133.57,164.45,133.44
31.3,10.36,10.23,10.0,13.95,43.67,47.44,150.64,133.57,164.59,133.44
31.35,10.43,9.76,10.0,13.94,43.81,47.58,150.79,133.57,164.73,133.44
31.4,10.5,10.23,10.0,13.93,43.96,47.72,150.93,133.57,164.87,133.44
31.450000000000003,10.57,9.76,10.0,13.92,44.1,47.85,151.08,133.57,165.0,133.44
31.5,10.6,10.23,10.0,13.92,44.25,47.99,151.23,133.57,165.15,133.44
31.55,10.61,9.76,10.0,13.91,44.4,48.13,151.38,133.57,165.28,133.44
31.6,10.59,10.23,10.0,13.9,44.54,48.27,151.52,133.57,165.42,133.44
31.65,10.56,9.76,10.0,13.89,44.69,48.41,151.67,133.57,165.56,133.44
31.700000000000003,10.5,10.23,10.0,13.89,44.84,48.55,151.82,133.57,165.7,133.44
31.75,10.44,9.76,10.0,13.88,44.98,48.69,151.96,133.57,165.84,133.44
31.8,10.39,10.23,10.0,13.87,45.13,48.83,152.1,133.57,165.98,133.44
31.85,10.35,9.76,10.0,13.87,45.27,48.96,152.25,133.57,166.12,133.44
31.9,10.35,10.23,10.0,13.86,45.41,49.1,152.39,133.57,166.26,133.44
31.950000000000003,10.39,9.76,10.0,13.86,45.56,49.24,152.54,133.57,166.39,133.44
32.0,10.45,10.23,10.0,13.85,45.7,49.38,152.68,133.57,166.53,133.44
32.050000000000004,10.53,9.76,10.0,13.84,45.85,49.52,152.83,133.57,166.67,133.44
32.1,10.6,10.23,10.0,13.84,46.0,49.66,152.97,133.57,166.81,133.44
32.15,10.63,9.76,10.0,13.83,46.14,49.8,153.12,133.57,166.95,133.44
32.2,10.61,10.23,10.0,13.82,46.29,49.94,153.27,133.57,167.09,133.44
32.25,10.55,9.76,10.0,13.81,46.44,50.08,153.42,133.57,167.23,133.44
32.300000000000004,10.45,10.23,10.0,13.81,46.58,50.22,153.56,133.57,167.37,133.44
32.35,10.35,9.76,10.0,13.8,46.73,50.35,153.71,133.57,167.5,133.44
32.4,10.25,10.23,10.0,13.8,46.87,50.49,153.85,133.57,167.65,133.44
32.45,10.18,9.76,10.0,13.79,47.01,50.63,153.99,133.57,167.78,133.44
32.5,10.14,10.23,10.0,13.79,47.15,50.77,154.13,133.57,167.92,133.44
32.550000000000004,10.12,9.76,10.0,13.79,47.29,50.91,154.27,133.57,168.06,133.44
32.6,10.14,10.23,10.0,13.79,47.43,51.05,154.41,133.57,168.2,133.44
32.65,10.17,9.76,10.0,13.78,47.58,51.19,154.55,133.57,168.34,133.44
32.7,10.23,10.23,10.0,13.78,47.72,51.33,154.7,133.57,168.48,133.44
32.75,10.3,9.76,10.0,13.78,47.86,51.46,154.84,133.57,168.62,133.44
32.800000000000004,10.37,10.23,10.0,13.77,48.0,51.6,154.98,133.57,168.76,133.44
32.85,10.44,9.76,10.0,13.77,48.15,51.74,155.13,133.57,168.89,133.44
32.9,10.49,10.23,10.0,13.76,48.29,51.88,155.27,133.57,169.03,133.44
32.95,10.5,9.76,10.0,13.75,48.44,52.02,155.42,133.57,169.17,133.44
33.0,10.48,10.23,10.0,13.75,48.59,52.16,155.56,133.57,169.31,133.44
33.050000000000004,10.43,9.76,10.0,13.74,48.73,52.3,155.71,133.57,169.45,133.44
33.1,10.36,10.23,10.0,13.74,48.88,52.44,155.85,133.57,169.59,133.44
33.15,10.27,9.76,10.0,13.73,49.02,52.57,156.0,133.57,169.73,133.44
33.2,10.19,10.23,10.0,13.73,49.16,52.72,156.14,133.57,169.87,133.44
33.25,10.13,9.76,10.0,13.72,49.3,52.85,156.28,133.57,170.0,133.44
33.300000000000004,10.1,10.23,10.0,13.73,49.44,52.99,156.42,133.57,170.15,133.44
33.35,10.12,9.76,10.0,13.72,49.58,53.13,156.56,133.57,170.28,133.44
33.4,10.18,10.23,10.0,13.72,49.72,53.27,156.7,133.57,170.42,133.44
33.45,10.25,9.76,10.0,13.72,49.87,53.41,156.84,133.57,170.56,133.44
33.5,10.33,10.23,10.0,13.71,50.01,53.55,156.99,133.57,170.7,133.44
33.550000000000004,10.39,9.76,10.0,13.71,50.15,53.69,157.13,133.57,170.84,133.44
33.6,10.42,10.23,10.0,13.7,50.3,53.83,157.27,133.57,170.98,133.44
33.65,10.42,9.76,10.0,13.7,50.44,53.96,157.42,133.57,171.12,133.44
33.7,10.4,10.23,10.0,13.69,50.59,54.1,157.57,133.57,171.26,133.44
33.75,10.36,9.76,10.0,13.68,50.73,54.24,157.71,133.57,171.39,133.44
33.800000000000004,10.3,10.23,10.0,13.68,50.87,54.38,157.85,133.57,171.53,133.44
33.85,10.25,9.76,10.0,13.68,51.02,54.52,157.99,133.57,171.67,133.44
33.9,10.19,10.23,10.0,13.68,51.16,54.66,158.14,133.57,171.81,133.44
33.95,10.14,9.76,10.0,13.67,51.3,54.8,158.28,133.57,171.95,133.44
34.0,10.1,10.23,10.0,13.67,51.44,54.94,158.42,133.57,172.09,133.44
34.050000000000004,10.09,9.76,10.0,13.67,51.58,55.07,158.56,133.57,172.23,133.44
34.1,10.09,10.23,10.0,13.67,51.72,55.22,158.7,133.57,172.37,133.44
34.15,10.13,9.76,10.0,13.67,51.86,55.35,158.84,133.57,172.5,133.44
34.2,10.18,10.23,10.0,13.67,52.0,55.49,158.98,133.57,172.65,133.44
34.25,10.24,9.76,10.0,13.66,52.14,55.63,159.12,133.57,172.78,133.44
34.300000000000004,10.3,10.23,10.0,13.66,52.29,55.77,159.26,133.57,172.92,133.44
34.35,10.35,9.76,10.0,13.65,52.43,55.91,159.41,133.57,173.06,133.44
34.4,10.39,10.23,10.0,13.65,52.57,56.05,159.55,133.57,173.2,133.44
34.45,10.4,9.76,10.0,13.64,52.72,56.19,159.7,133.57,173.34,133.44
34.5,10.37,10.23,10.0,13.64,52.86,56.33,159.84,133.57,173.48,133.44
34.550000000000004,10.32,9.76,10.0,13.63,53.01,56.46,159.99,133.57,173.62,133.44
34.6,10.24,10.23,10.0,13.63,53.15,56.6,160.13,133.57,173.76,133.44
34.65,10.15,9.76,10.0,13.62,53.29,56.74,160.27,133.57,173.89,133.44
34.7,10.06,10.23,10.0,13.63,53.43,56.88,160.41,133.57,174.03,133.44
34.75,9.99,9.76,10.0,13.62,53.57,57.02,160.55,133.57,174.17,133.44
34.800000000000004,9.95,10.23,10.0,13.63,53.71,57.16,160.69,133.57,174.31,133.44
34.85,9.96,9.76,10.0,13.63,53.85,57.3,160.82,133.57,174.45,133.44
34.9,10.01,10.23,10.0,13.63,53.98,57.44,160.96,133.57,174.59,133.44
34.95,10.08,9.76,10.0,13.62,54.12,57.57,161.1,133.57,174.73,133.44
35.0,10.15,10.23,10.0,13.62,54.26,57.72,161.24,133.57,174.87,133.44
35.050000000000004,10.22,9.76,10.0,13.62,54.41,57.85,161.38,133.57,175.0,133.44
35.1,10.27,10.23,10.0,13.62,54.55,57.99,161.53,133.57,175.15,133.44
35.15,10.3,9.76,10.0,13.61,54.69,58.13,161.67,133.57,175.28,133.44
35.2,10.33,10.23,10.0,13.61,54.84,58.27,161.81,133.57,175.42,133.44
35.25,10.34,9.76,10.0,13.6,54.98,58.41,161.96,133.57,175.56,133.44
35.300000000000004,10.32,10.23,10.0,13.6,55.12,58.55,162.1,133.57,175.7,133.44
35.35,10.29,9.76,10.0,13.59,55.27,58.69,162.24,133.57,175.84,133.44
35.4,10.23,10.23,10.0,13.59,55.41,58.83,162.39,133.57,175.98,133.44
35.45,10.17,9.76,10.0,13.59,55.55,58.96,162.53,133.57,176.12,133.44
35.5,10.09,10.23,10.0,13.59,55.69,59.1,162.67,133.57,176.26,133.44
35.550000000000004,10.02,9.76,10.0,13.59,55.83,59.24,162.81,133.57,176.39,133.44
35.6,9.96,10.23,10.0,13.59,55.97,59.38,162.95,133.57,176.53,133.44
35.65,9.91,9.76,10.0,13.59,56.11,59.52,163.08,133.57,176.67,133.44
35.7,9.89,10.23,10.0,13.59,56.24,59.66,163.22,133.57,176.81,133.44
35.75,9.9,9.76,10.0,13.59,56.38,59.8,163.36,133.57,176.95,133.44
35.800000000000004,9.93,10.23,10.0,13.59,56.52,59.94,163.5,133.57,177.09,133.44
35.85,9.99,9.76,10.0,13.59,56.66,60.07,163.63,133.57,177.23,133.44
35.9,10.05,10.23,10.0,13.59,56.8,60.22,163.77,133.57,177.37,133.44
35.95,10.13,9.76,10.0,13.59,56.94,60.35,163.91,133.57,177.5,133.44
36.0,10.19,10.23,10.0,13.59,57.08,60.49,164.06,133.57,177.65,133.44
36.05,10.26,9.76,10.0,13.58,57.22,60.63,164.2,133.57,177.78,133.44
36.1,10.3,10.23,10.0,13.58,57.36,60.77,164.34,133.57,177.92,133.44
36.15,10.31,9.76,10.0,13.58,57.51,60.91,164.48,133.57,178.06,133.44
36.2,10.29,10.23,10.0,13.57,57.65,61.05,164.63,133.57,178.2,133.44
36.25,10.23,9.76,10.0,13.57,57.79,61.19,164.77,133.57,178.34,133.44
36.3,10.15,10.23,10.0,13.57,57.93,61.33,164.91,133.57,178.48,133.44
36.35,10.07,9.76,10.0,13.56,58.07,61.46,165.05,133.57,178.62,133.44
36.4,9.98,10.23,10.0,13.57,58.21,61.6,165.19,133.57,178.76,133.44
36.45,9.92,9.76,10.0,13.56,58.35,61.74,165.33,133.57,178.89,133.44
36.5,9.88,10.23,10.0,13.57,58.49,61.88,165.47,133.57,179.03,133.44
36.55,9.87,9.76,10.0,13.57,58.62,62.02,165.6,133.57,179.17,133.44
36.6,9.9,10.23,10.0,13.57,58.76,62.16,165.74,133.57,179.31,133.44
36.65,9.94,9.76,10.0,13.57,58.9,62.3,165.88,133.57,179.45,133.44
36.7,9.99,10.23,10.0,13.57,59.04,62.44,166.02,133.57,179.59,133.44
36.75,10.04,9.76,10.0,13.57,59.18,62.57,166.16,133.57,179.73,133.44
36.8,10.09,10.23,10.0,13.57,59.32,62.72,166.3,133.57,179.87,133.45
36.85,10.14,9.76,10.0,13.57,59.46,62.85,166.44,133.57,180.0,133.45
36.9,10.19,10.23,10.0,13.57,59.6,62.99,166.58,133.57,180.15,133.45
36.95,10.23,9.76,10.0,13.56,59.74,63.13,166.72,133.57,180.28,133.45
37.0,10.26,10.23,10.0,13.56,59.88,63.27,166.86,133.57,180.42,133.45
37.05,10.27,9.76,10.0,13.56,60.03,63.41,167.01,133.57,180.56,133.45
37.1,10.26,10.23,10.0,13.55,60.17,63.55,167.15,133.57,180.7,133.45
37.15,10.24,9.76,10.0,13.55,60.31,63.69,167.29,133.57,180.84,133.45
37.2,10.19,10.23,10.0,13.55,60.45,63.83,167.43,133.57,180.98,133.45
37.25,10.13,9.76,10.0,13.54,60.59,63.96,167.57,133.57,181.12,133.45
37.3,10.06,10.23,10.0,13.54,60.73,64.1,167.71,133.57,181.26,133.45
37.35,9.99,9.76,10.0,13.54,60.87,64.24,167.85,133.57,181.39,133.45
37.4,9.92,10.23,10.0,13.54,61.01,64.38,167.99,133.57,181.53,133.45
37.45,9.87,9.76,10.0,13.54,61.15,64.52,168.13,133.57,181.67,133.45
37.5,9.85,10.23,10.0,13.55,61.29,64.66,168.26,133.57,181.81,133.45
37.55,9.86,9.76,10.0,13.55,61.42,64.8,168.4,133.57,181.95,133.45
37.6,9.91,10.23,10.0,13.55,61.56,64.94,168.54,133.57,182.09,133.45
37.65,9.96,9.76,10.0,13.55,61.7,65.07,168.68,133.57,182.23,133.45
37.7,10.02,10.23,10.0,13.55,61.84,65.22,168.82,133.57,182.37,133.45
37.75,10.07,9.76,10.0,13.55,61.98,65.35,168.95,133.57,182.5,133.45
37.8,10.12,10.23,10.0,13.55,62.12,65.49,169.1,133.57,182.65,133.45
37.85,10.15,9.76,10.0,13.55,62.26,65.63,169.24,133.58,182.78,133.45
37.9,10.18,10.23,10.0,13.55,62.4,65.77,169.38,133.58,182.92,133.45
37.95,10.2,9.76,10.0,13.54,62.54,65.91,169.52,133.58,183.06,133.45
38.0,10.21,10.23,10.0,13.54,62.68,66.05,169.66,133.58,183.2,133.45
38.05,10.2,9.76,10.0,13.54,62.82,66.19,169.8,133.58,183.34,133.45
38.1,10.18,10.23,10.0,13.54,62.96,66.33,169.94,133.58,183.48,133.45
38.15,10.14,9.76,10.0,13.53,63.11,66.46,170.08,133.58,183.62,133.45
38.2,10.09,10.23,10.0,13.53,63.25,66.6,170.23,133.58,183.76,133.45
38.25,10.04,9.76,10.0,13.53,63.39,66.74,170.37,133.58,183.89,133.45
38.3,9.99,10.23,10.0,13.53,63.53,66.88,170.5,133.58,184.03,133.45
38.35,9.95,9.76,10.0,13.53,63.66,67.02,170.64,133.58,184.17,133.45
38.400000000000006,9.94,10.23,10.0,13.53,63.8,67.16,170.78,133.58,184.31,133.45
38.45,9.94,9.76,10.0,13.53,63.94,67.3,170.92,133.58,184.45,133.45
38.5,9.95,10.23,10.0,13.53,64.08,67.44,171.06,133.58,184.59,133.45
38.55,9.96,9.76,10.0,13.53,64.22,67.57,171.19,133.58,184.73,133.45
38.6,9.97,10.23,10.0,13.53,64.35,67.72,171.33,133.58,184.87,133.45
38.650000000000006,9.98,9.76,10.0,13.53,64.49,67.85,171.47,133.58,185.0,133.45
38.7,9.97,10.23,10.0,13.54,64.63,67.99,171.61,133.58,185.15,133.45
38.75,9.95,9.76,10.0,13.53,64.77,68.13,171.75,133.58,185.28,133.45
38.8,9.91,10.23,10.0,13.54,64.91,68.27,171.89,133.58,185.42,133.45
38.85,9.85,9.76,10.0,13.54,65.04,68.41,172.02,133.58,185.56,133.45
38.900000000000006,9.79,10.23,10.0,13.54,65.18,68.55,172.16,133.58,185.7,133.45
38.95,9.74,9.76,10.0,13.54,65.32,68.69,172.29,133.58,185.84,133.45
39.0,9.72,10.23,10.0,13.55,65.45,68.83,172.43,133.58,185.98,133.45
39.05,9.74,9.76,10.0,13.55,65.59,68.96,172.57,133.58,186.12,133.45
39.1,9.79,10.23,10.0,13.56,65.72,69.1,172.7,133.58,186.26,133.45
39.150000000000006,9.86,9.76,10.0,13.56,65.86,69.24,172.84,133.58,186.39,133.45
39.2,9.94,10.23,10.0,13.56,66.0,69.38,172.98,133.58,186.53,133.45
39.25,10.02,9.76,10.0,13.56,66.14,69.52,173.11,133.58,186.67,133.45
39.3,10.09,10.23,10.0,13.56,66.28,69.66,173.25,133.58,186.81,133.45
39.35,10.15,9.76,10.0,13.55,66.42,69.8,173.4,133.58,186.95,133.45
39.400000000000006,10.19,10.23,10.0,13.55,66.56,69.94,173.54,133.58,187.09,133.45
39.45,10.21,9.76,10.0,13.55,66.7,70.07,173.68,133.58,187.23,133.45
39.5,10.21,10.23,10.0,13.55,66.84,70.22,173.82,133.58,187.37,133.45
39.55,10.2,9.76,10.0,13.54,66.98,70.35,173.96,133.58,187.5,133.45
39.6,10.18,10.23,10.0,13.54,67.12,70.49,174.1,133.58,187.65,133.45
39.650000000000006,10.16,9.76,10.0,13.54,67.27,70.63,174.24,133.58,187.78,133.45
39.7,10.12,10.23,10.0,13.54,67.41,70.77,174.38,133.58,187.92,133.45
39.75,10.09,9.76,10.0,13.54,67.55,70.91,174.52,133.58,188.06,133.45
39.8,10.04,10.23,10.0,13.54,67.69,71.05,174.66,133.58,188.2,133.45
39.85,10.01,9.76,10.0,13.53,67.83,71.19,174.8,133.58,188.34,133.45
39.900000000000006,9.99,10.23,10.0,13.54,67.96,71.33,174.94,133.58,188.48,133.45
39.95,10.01,9.76,10.0,13.53,68.1,71.46,175.08,133.58,188.62,133.45
40.0,10.04,10.23,10.0,13.54,68.24,71.6,175.22,133.58,188.76,133.45
40.05,10.08,9.76,10.0,13.53,68.38,71.74,175.36,133.58,188.89,133.45
40.1,10.12,10.23,10.0,13.53,68.52,71.88,175.5,133.58,189.03,133.45
40.150000000000006,10.15,9.76,10.0,13.53,68.66,72.02,175.64,133.58,189.17,133.45
40.2,10.18,10.23,10.0,13.53,68.8,72.16,175.78,133.58,189.31,133.45
40.25,10.18,9.76,10.0,13.52,68.95,72.3,175.93,133.58,189.45,133.45
40.3,10.16,10.23,10.0,13.52,69.09,72.44,176.07,133.58,189.59,133.45
40.35,10.13,9.76,10.0,13.52,69.23,72.57,176.21,133.58,189.73,133.45
40.400000000000006,10.1,10.23,10.0,13.52,69.37,72.72,176.35,133.58,189.87,133.45
40.45,10.06,9.76,10.0,13.52,69.51,72.85,176.49,133.58,190.0,133.45
40.5,10.03,10.23,10.0,13.52,69.65,72.99,176.63,133.58,190.15,133.45
40.55,9.99,9.76,10.0,13.52,69.79,73.13,176.76,133.58,190.28,133.45
40.6,9.97,10.23,10.0,13.52,69.93,73.27,176.9,133.58,190.42,133.45
40.650000000000006,9.96,9.76,10.0,13.52,70.06,73.41,177.04,133.58,190.56,133.45
40.7,9.97,10.23,10.0,13.52,70.2,73.55,177.18,133.58,190.7,133.45
40.75,10.0,9.76,10.0,13.52,70.34,73.69,177.32,133.58,190.84,133.45
40.8,10.04,10.23,10.0,13.52,70.48,73.83,177.46,133.58,190.98,133.45
40.85,10.09,9.76,10.0,13.52,70.62,73.96,177.6,133.58,191.12,133.45
40.900000000000006,10.13,10.23,10.0,13.52,70.76,74.1,177.74,133.58,191.26,133.45
40.95,10.17,9.76,10.0,13.51,70.9,74.24,177.88,133.58,191.39,133.45
41.0,10.2,10.23,10.0,13.51,71.04,74.38,178.02,133.58,191.53,133.45
41.05,10.21,9.76,10.0,13.51,71.18,74.52,178.16,133.58,191.67,133.45
41.1,10.19,10.23,10.0,13.51,71.33,74.66,178.3,133.58,191.81,133.45
41.150000000000006,10.14,9.76,10.0,13.5,71.47,74.8,178.45,133.58,191.95,133.45
41.2,10.07,10.23,10.0,13.5,71.61,74.94,178.59,133.58,192.09,133.45
41.25,9.99,9.76,10.0,13.5,71.75,75.07,178.73,133.58,192.23,133.45
41.3,9.91,10.23,10.0,13.5,71.88,75.22,178.86,133.58,192.37,133.45
41.35,9.84,9.76,10.0,13.5,72.02,75.35,179.0,133.58,192.5,133.45
41.400000000000006,9.8,10.23,10.0,13.51,72.16,75.49,179.14,133.58,192.65,133.45
41.45,9.81,9.76,10.0,13.51,72.29,75.63,179.27,133.58,192.78,133.45
41.5,9.85,10.23,10.0,13.51,72.43,75.77,179.41,133.58,192.92,133.45
41.55,9.93,9.76,10.0,13.51,72.57,75.91,179.55,133.58,193.06,133.45
41.6,10.03,10.23,10.0,13.51,72.71,76.05,179.69,133.58,193.2,133.45
41.650000000000006,10.14,9.76,10.0,13.51,72.85,76.19,179.83,133.58,193.34,133.45
41.7,10.23,10.23,10.0,13.51,72.99,76.33,179.97,133.58,193.48,133.45
41.75,10.29,9.76,10.0,13.51,73.13,76.46,180.11,133.58,193.62,133.45
41.8,10.31,10.23,10.0,13.5,73.27,76.6,180.25,133.58,193.76,133.45
41.85,10.27,9.76,10.0,13.5,73.42,76.74,180.4,133.58,193.89,133.45
41.900000000000006,10.2,10.23,10.0,13.5,73.56,76.88,180.54,133.58,194.03,133.45
41.95,10.12,9.76,10.0,13.49,73.7,77.02,180.68,133.58,194.17,133.45
42.0,10.03,10.23,10.0,13.49,73.84,77.16,180.82,133.58,194.31,133.45
42.05,9.97,9.76,10.0,13.49,73.98,77.3,180.96,133.58,194.45,133.45
42.1,9.94,10.23,10.0,13.49,74.12,77.44,181.1,133.58,194.59,133.45
42.150000000000006,9.95,9.76,10.0,13.49,74.26,77.57,181.23,133.58,194.73,133.45
42.2,10.0,10.23,10.0,13.49,74.39,77.72,181.37,133.58,194.87,133.45
42.25,10.05,9.76,10.0,13.49,74.53,77.85,181.51,133.58,195.0,133.45
42.3,10.08,10.23,10.0,13.49,74.67,77.99,181.65,133.58,195.15,133.45
42.35,10.09,9.76,10.0,13.49,74.81,78.13,181.79,133.58,195.28,133.45
42.400000000000006,10.07,10.23,10.0,13.49,74.95,78.27,181.93,133.58,195.42,133.45
42.45,10.03,9.76,10.0,13.49,75.09,78.41,182.07,133.58,195.56,133.45
42.5,9.96,10.23,10.0,13.49,75.23,78.55,182.21,133.58,195.7,133.45
42.55,9.89,9.76,10.0,13.49,75.37,78.69,182.35,133.58,195.84,133.45
42.6,9.82,10.23,10.0,13.49,75.51,78.83,182.49,133.58,195.98,133.45
42.650000000000006,9.76,9.76,10.0,13.49,75.64,78.96,182.62,133.58,196.12,133.45
42.7,9.72,10.23,10.0,13.5,75.78,79.1,182.76,133.58,196.26,133.45
42.75,9.71,9.76,10.0,13.5,75.91,79.24,182.89,133.58,196.39,133.45
42.8,9.73,10.23,10.0,13.51,76.05,79.38,183.02,133.58,196.53,133.45
42.85,9.78,9.76,10.0,13.51,76.18,79.52,183.16,133.58,196.67,133.45
42.900000000000006,9.86,10.23,10.0,13.51,76.32,79.66,183.3,133.58,196.81,133.45
42.95,9.94,9.76,10.0,13.51,76.46,79.8,183.43,133.58,196.95,133.45
43.0,10.02,10.23,10.0,13.52,76.6,79.94,183.57,133.58,197.09,133.45
43.05,10.1,9.76,10.0,13.51,76.74,80.07,183.71,133.58,197.23,133.45
43.1,10.15,10.23,10.0,13.51,76.88,80.22,183.85,133.58,197.37,133.45
43.150000000000006,10.16,9.76,10.0,13.51,77.02,80.35,184.0,133.58,197.5,133.45
43.2,10.16,10.23,10.0,13.51,77.16,80.49,184.14,133.58,197.65,133.45
43.25,10.13,9.76,10.0,13.5,77.3,80.63,184.28,133.58,197.78,133.45
43.3,10.1,10.23,10.0,13.5,77.44,80.77,184.42,133.58,197.92,133.45
43.35,10.06,9.76,10.0,13.5,77.58,80.91,184.56,133.58,198.06,133.45
43.400000000000006,10.02,10.0,9.98,13.5,77.72,81.05,184.7,133.58,198.2,133.45
43.45,9.97,9.76,9.97,13.5,77.86,81.18,184.84,133.58,198.33,133.45
43.5,9.91,10.23,9.97,13.5,78.0,81.32,184.97,133.58,198.48,133.45
43.55,9.86,9.76,9.97,13.5,78.13,81.46,185.11,133.58,198.61,133.45
43.6,9.83,10.23,9.97,13.5,78.27,81.6,185.25,133.58,198.75,133.45
43.650000000000006,9.8,9.76,9.97,13.51,78.41,81.74,185.38,133.58,198.89,133.45
43.7,9.76,10.23,9.97,13.51,78.54,81.88,185.52,133.58,199.03,133.45
43.75,9.74,9.76,9.97,13.51,78.68,82.02,185.65,133.58,199.17,133.45
43.8,9.74,10.23,9.97,13.52,78.81,82.16,185.79,133.58,199.31,133.45
43.85,9.76,9.76,9.97,13.52,78.95,82.29,185.93,133.58,199.45,133.45
43.900000000000006,9.8,10.23,10.0,13.52,79.08,82.43,186.06,133.58,199.59,133.45
43.95,9.85,9.76,10.0,13.53,79.22,82.57,186.2,133.58,199.72,133.45
44.0,9.9,10.23,10.0,13.53,79.36,82.71,186.34,133.58,199.86,133.45
44.05,9.94,9.76,10.0,13.53,79.49,82.85,186.47,133.58,200.0,133.45
44.1,9.99,10.23,10.0,13.53,79.63,82.99,186.61,133.58,200.14,133.45
44.150000000000006,10.05,9.76,10.0,13.53,79.77,83.13,186.75,133.58,200.28,133.45
44.2,10.09,10.23,10.0,13.53,79.91,83.27,186.89,133.58,200.42,133.45
44.25,10.13,9.76,10.0,13.53,80.05,83.4,187.03,133.58,200.56,133.45
44.3,10.15,10.23,10.0,13.53,80.19,83.55,187.17,133.58,200.7,133.45
44.35,10.17,9.76,10.0,13.52,80.33,83.68,187.31,133.58,200.83,133.45
44.400000000000006,10.18,10.23,10.0,13.52,80.48,83.82,187.46,133.58,200.98,133.45
44.45,10.18,9.76,10.0,13.52,80.62,83.96,187.6,133.58,201.11,133.45
44.5,10.16,10.23,10.0,13.51,80.76,84.1,187.74,133.58,201.25,133.45
44.55,10.13,9.76,10.0,13.51,80.9,84.24,187.88,133.58,201.39,133.45
44.6,10.09,10.23,10.0,13.51,81.04,84.38,188.02,133.58,201.53,133.45
44.650000000000006,10.04,9.76,10.0,13.51,81.18,84.52,188.16,133.58,201.67,133.45
44.7,9.98,10.23,10.0,13.51,81.32,84.66,188.3,133.58,201.81,133.45
44.75,9.93,9.76,10.0,13.51,81.46,84.79,188.44,133.58,201.95,133.45
44.8,9.87,10.23,10.0,13.51,81.59,84.93,188.57,133.58,202.09,133.45
44.85,9.82,9.76,10.0,13.51,81.73,85.07,188.71,133.58,202.22,133.45
44.900000000000006,9.8,10.23,10.0,13.52,81.87,85.21,188.85,133.58,202.36,133.45
44.95,9.81,9.76,10.0,13.52,82.0,85.35,188.98,133.58,202.5,133.45
45.0,9.85,10.01,9.98,13.52,82.14,85.49,189.12,133.58,202.64,133.45
45.05,9.91,9.11,9.91,13.51,82.28,85.62,189.26,133.58,202.77,133.45
45.1,9.99,5.83,9.47,13.48,82.42,85.72,189.39,133.58,202.87,133.45
45.150000000000006,10.07,4.64,8.96,13.43,82.56,85.81,189.53,133.59,202.96,133.45
45.2,10.11,4.42,8.38,13.37,82.7,85.89,189.67,133.59,203.04,133.45
45.25,10.12,4.12,7.81,13.3,82.84,85.96,189.82,133.59,203.12,133.45
45.3,10.1,3.75,7.16,13.23,82.98,86.03,189.96,133.59,203.19,133.45
45.35,10.04,3.32,6.52,13.16,83.12,86.1,190.1,133.59,203.25,133.45
45.400000000000006,9.95,2.84,5.78,13.08,83.25,86.16,190.23,133.59,203.32,133.45
45.45,9.86,2.34,5.04,13.0,83.39,86.22,190.37,133.59,203.37,133.45
45.5,9.76,1.81,4.22,12.91,83.53,86.27,190.51,133.59,203.42,133.45
45.55,9.67,1.26,3.43,12.82,83.66,86.31,190.64,133.59,203.46,133.45
45.6,9.6,0.72,2.92,12.72,83.8,86.35,190.77,133.59,203.5,133.45
45.650000000000006,9.54,0.17,2.47,12.59,83.93,86.35,190.91,133.59,203.5,133.45
45.7,9.5,0.34,2.07,12.46,84.06,86.35,191.04,133.59,203.5,133.45
45.75,9.45,0.42,1.7,12.34,84.19,86.36,191.17,133.59,203.51,133.45
45.8,9.41,0.44,1.37,12.21,84.32,86.36,191.3,133.59,203.51,133.45
45.85,9.35,0.42,1.08,12.08,84.45,86.37,191.43,133.59,203.51,133.45
45.900000000000006,9.28,0.36,0.83,11.96,84.58,86.37,191.56,133.59,203.52,133.45
45.95,9.19,0.29,0.62,11.83,84.71,86.38,191.69,133.59,203.52,133.45
46.0,9.1,0.21,0.46,11.71,84.84,86.38,191.82,133.59,203.52,133.45
46.05,8.99,0.14,0.35,11.58,84.96,86.38,191.94,133.59,203.53,133.45
46.1,8.89,0.08,0.29,11.46,85.09,86.38,192.07,133.59,203.53,133.45
46.150000000000006,8.79,0.04,0.27,11.34,85.21,86.39,192.19,133.59,203.53,133.45
46.2,8.67,0.05,0.24,11.22,85.33,86.39,192.31,133.59,203.53,133.45
46.25,8.53,0.06,0.21,11.1,85.45,86.39,192.43,133.59,203.53,133.45
46.3,8.37,0.07,0.17,10.99,85.57,86.39,192.55,133.59,203.53,133.45
46.35,8.22,0.07,0.14,10.87,85.68,86.39,192.66,133.59,203.53,133.45
46.400000000000006,8.06,0.06,0.11,10.76,85.8,86.39,192.77,133.59,203.53,133.45
46.45,7.92,0.05,0.08,10.65,85.91,86.39,192.88,133.59,203.53,133.45
46.5,7.78,0.04,0.06,10.54,86.02,86.39,192.99,133.59,203.53,133.45
46.55,7.66,0.02,0.05,10.43,86.12,86.39,193.1,133.59,203.53,133.45
46.6,7.53,0.01,0.05,10.33,86.23,86.39,193.21,133.59,203.53,133.45
46.650000000000006,7.41,0.0,0.04,10.22,86.33,86.39,193.31,133.59,203.53,133.45
46.7,7.28,0.0,0.04,10.12,86.43,86.39,193.41,133.59,203.53,133.45
46.75,7.14,0.01,0.03,10.02,86.53,86.39,193.51,133.59,203.53,133.45
46.8,6.99,0.01,0.03,9.92,86.63,86.39,193.61,133.59,203.53,133.45
46.85,6.83,0.01,0.02,9.83,86.73,86.39,193.71,133.59,203.53,133.45
46.900000000000006,6.66,0.0,0.02,9.73,86.82,86.39,193.8,133.59,203.53,133.45
46.95,6.48,0.0,0.01,9.64,86.91,86.39,193.89,133.59,203.53,133.45
47.0,6.3,0.0,0.01,9.55,87.0,86.39,193.98,133.59,203.53,133.45
47.05,6.11,0.0,0.01,9.47,87.09,86.39,194.06,133.59,203.53,133.45
47.1,5.92,0.0,0.0,9.38,87.17,86.39,194.15,133.59,203.53,133.45
47.150000000000006,5.77,0.0,0.0,9.3,87.25,86.39,194.23,133.59,203.53,133.45
47.2,5.47,0.0,0.0,9.22,87.33,86.39,194.31,133.59,203.53,133.45
47.25,5.12,0.0,0.0,9.15,87.4,86.39,194.38,133.59,203.53,133.45
47.3,4.62,0.0,0.0,9.08,87.47,86.39,194.45,133.59,203.53,133.45
47.35,4.05,0.0,0.0,9.03,87.53,86.39,194.51,133.59,203.53,133.45
47.400000000000006,3.41,0.0,0.0,8.97,87.58,86.39,194.56,133.59,203.53,133.45
47.45,0.88,0.0,0.0,8.95,87.6,86.39,194.58,133.59,203.53,133.45
47.5,0.01,0.0,0.0,8.95,87.61,86.39,194.59,133.59,203.53,133.45
47.55,0.17,0.0,0.0,8.94,87.61,86.39,194.59,133.59,203.53,133.45
47.6,0.22,0.0,0.0,8.94,87.61,86.39,194.59,133.59,203.53,133.45
47.650000000000006,0.19,0.0,0.0,8.94,87.61,86.39,194.59,133.59,203.53,133.45
47.7,0.23,0.0,0.0,8.94,87.62,86.39,194.6,133.59,203.53,133.45
47.75,0.2,0.0,0.0,8.93,87.62,86.39,194.6,133.59,203.53,133.45
47.8,0.24,0.0,0.0,8.93,87.62,86.39,194.6,133.59,203.53,133.45
47.85,0.22,0.0,0.0,8.93,87.63,86.39,194.61,133.59,203.53,133.45
47.900000000000006,0.26,0.0,0.0,8.92,87.63,86.39,194.61,133.59,203.53,133.45
47.95,0.23,0.0,0.0,8.92,87.63,86.39,194.61,133.59,203.53,133.45
48.0,0.27,0.0,0.0,8.91,87.64,86.39,194.62,133.59,203.53,133.45
48.05,0.25,0.0,0.0,8.91,87.64,86.39,194.62,133.59,203.53,133.45
48.1,0.29,0.0,0.0,8.91,87.65,86.39,194.62,133.59,203.53,133.45
48.150000000000006,0.47,0.0,0.0,8.9,87.65,86.39,194.63,133.59,203.53,133.45
48.2,0.76,0.0,0.0,8.89,87.66,86.39,194.64,133.59,203.53,133.45
48.25,0.0,0.0,0.0,8.89,87.66,86.39,194.64,133.59,203.53,133.45
48.3,0.0,0.0,0.0,8.89,87.66,86.39,194.64,133.59,203.53,133.45
48.35,0.0,0.0,0.0,8.89,87.66,86.39,194.64,133.59,203.53,133.45
48.400000000000006,0.0,0.0,0.0,8.89,87.66,86.39,194.64,133.59,203.53,133.45
48.45,0.0,0.0,0.0,8.89,87.66,86.39,194.64,133.59,203.53,133.45
48.5,0.0,0.0,0.0,8.89,87.66,86.39,194.64,133.59,203.53,133.45
48.55,0.0,0.0,0.0,8.89,87.66,86.39,194.64,133.59,203.53,133.45
48.6,0.0,0.0,0.0,8.89,87.66,86.39,194.64,133.59,203.53,133.45
48.650000000000006,0.0,0.0,0.0,8.89,87.66,86.39,194.64,133.59,203.53,133.45
48.7,0.0,0.0,0.0,8.89,87.66,86.39,194.64,133.59,203.53,133.45
48.75,0.0,0.0,0.0,8.89,87.66,86.39,194.64,133.59,203.53,133.45
48.8,0.0,0.0,0.0,8.89,87.66,86.39,194.64,133.59,203.53,133.45
48.85,0.0,0.0,0.0,8.89,87.66,86.39,194.64,133.59,203.53,133.45
48.900000000000006,0.0,0.0,0.0,8.89,87.66,86.39,194.64,133.59,203.53,133.45
48.95,0.0,0.0,0.0,8.89,87.66,86.39,194.64,133.59,203.53,133.45
49.0,0.0,0.0,0.0,8.89,87.66,86.39,194.64,133.59,203.53,133.45
49.05,0.0,0.0,0.0,8.89,87.66,86.39,194.64,133.59,203.53,133.45
49.1,0.0,0.0,0.0,8.89,87.66,86.39,194.64,133.59,203.53,133.45
49.150000000000006,0.0,0.0,0.0,8.89,87.66,86.39,194.64,133.59,203.53,133.45
49.2,0.0,0.0,0.0,8.89,87.66,86.39,194.64,133.59,203.53,133.45
49.25,0.0,0.0,0.0,8.89,87.66,86.39,194.64,133.59,203.53,133.45
49.3,0.0,0.0,0.0,8.89,87.66,86.39,194.64,133.59,203.53,133.45
49.35,0.0,0.0,0.0,8.89,87.66,86.39,194.64,133.59,203.53,133.45
49.400000000000006,0.0,0.0,0.0,8.89,87.66,86.39,194.64,133.59,203.53,133.45
49.45,0.0,0.0,0.0,8.89,87.66,86.39,194.64,133.59,203.53,133.45
49.5,0.0,0.0,0.0,8.89,87.66,86.39,194.64,133.59,203.53,133.45
49.55,0.0,0.0,0.0,8.89,87.66,86.39,194.64,133.59,203.53,133.45
49.6,0.0,0.0,0.0,8.89,87.66,86.39,194.64,133.59,203.53,133.45
49.650000000000006,0.0,0.0,0.0,8.89,87.66,86.39,194.64,133.59,203.53,133.45
49.7,0.0,0.0,0.0,8.89,87.66,86.39,194.64,133.59,203.53,133.45
49.75,0.0,0.0,0.0,8.89,87.66,86.39,194.64,133.59,203.53,133.45
49.8,0.0,0.0,0.0,8.89,87.66,86.39,194.64,133.59,203.53,133.45
49.85,0.0,0.0,0.0,8.89,87.66,86.39,194.64,133.59,203.53,133.45
49.900000000000006,0.0,0.0,0.0,8.89,87.66,86.39,194.64,133.59,203.53,133.45
49.95,0.0,0.0,0.0,8.89,87.66,86.39,194.64,133.59,203.53,133.45
50.0,0.0,0.0,0.0,8.89,87.66,86.39,194.64,133.59,203.53,133.45
50.05,0.0,0.0,0.0,8.89,87.66,86.39,194.64,133.59,203.53,133.45
50.1,0.0,0.0,0.0,8.89,87.66,86.39,194.64,133.59,203.53,133.45
50.150000000000006,0.0,0.0,0.0,8.89,87.66,86.39,194.64,133.59,203.53,133.45
50.2,0.0,0.0,0.0,8.89,87.66,86.39,194.64,133.59,203.53,133.45
50.25,0.0,0.0,0.0,8.89,87.66,86.39,194.64,133.59,203.53,133.45
50.3,0.0,0.0,0.0,8.89,87.66,86.39,194.64,133.59,203.53,133.45
50.35,0.0,0.0,0.0,8.89,87.66,86.39,194.64,133.59,203.53,133.45
50.400000000000006,0.0,0.0,0.0,8.89,87.66,86.39,194.64,133.59,203.53,133.45
50.45,0.0,0.0,0.0,8.89,87.66,86.39,194.64,133.59,203.53,133.45
50.5,0.0,0.0,0.0,8.89,87.66,86.39,194.64,133.59,203.53,133.45
50.55,0.0,0.0,0.0,8.89,87.66,86.39,194.64,133.59,203.53,133.45
50.6,0.0,0.0,0.0,8.89,87.66,86.39,194.64,133.59,203.53,133.45
50.650000000000006,0.0,0.0,0.0,8.89,87.66,86.39,194.64,133.59,203.53,133.45
50.7,0.0,0.0,0.0,8.89,87.66,86.39,194.64,133.59,203.53,133.45
50.75,0.0,0.0,0.0,8.89,87.66,86.39,194.64,133.59,203.53,133.45
50.8,0.0,0.0,0.0,8.89,87.66,86.39,194.64,133.59,203.53,133.45
50.85,0.0,0.0,0.0,8.89,87.66,86.39,194.64,133.59,203.53,133.45
50.900000000000006,0.0,0.0,0.0,8.89,87.66,86.39,194.64,133.59,203.53,133.45
50.95,0.0,0.0,0.0,8.89,87.66,86.39,194.64,133.59,203.53,133.45
51.0,0.0,0.0,0.0,8.89,87.66,86.39,194.64,133.59,203.53,133.45
51.05,0.0,0.0,0.0,8.89,87.66,86.39,194.64,133.59,203.53,133.45
51.1,0.0,0.0,0.0,8.89,87.66,86.39,194.64,133.59,203.53,133.45
51.150000000000006,0.0,0.0,0.0,8.89,87.66,86.39,194.64,133.59,203.53,133.45
51.2,0.0,0.0,0.0,8.89,87.66,86.39,194.64,133.59,203.53,133.45
51.25,0.0,0.0,0.0,8.89,87.66,86.39,194.64,133.59,203.53,133.45
51.3,0.0,0.0,0.0,8.89,87.66,86.39,194.64,133.59,203.53,133.45
51.35,0.0,0.0,0.0,8.89,87.66,86.39,194.64,133.59,203.53,133.45
51.400000000000006,0.0,0.0,0.0,8.89,87.66,86.39,194.64,133.59,203.53,133.45
51.45,0.0,0.0,0.0,8.89,87.66,86.39,194.64,133.59,203.53,133.45
51.5,0.0,0.0,0.0,8.89,87.66,86.39,194.64,133.59,203.53,133.45
51.55,0.0,0.0,0.0,8.89,87.66,86.39,194.64,133.59,203.53,133.45
51.6,0.0,0.0,0.0,8.89,87.66,86.39,194.64,133.59,203.53,133.45
51.650000000000006,0.0,0.0,0.0,8.89,87.66,86.39,194.64,133.59,203.53,133.45
51.7,0.0,0.0,0.0,8.89,87.66,86.39,194.64,133.59,203.53,133.45
51.75,0.0,0.0,0.0,8.89,87.66,86.39,194.64,133.59,203.53,133.45
51.8,0.0,0.0,0.0,8.89,87.66,86.39,194.64,133.59,203.53,133.45
51.85,0.0,0.0,0.0,8.89,87.66,86.39,194.64,133.59,203.53,133.45
51.900000000000006,0.0,0.0,0.0,8.89,87.66,86.39,194.64,133.59,203.53,133.45
51.95,0.0,0.0,0.0,8.89,87.66,86.39,194.64,133.59,203.53,133.45
52.0,0.0,0.0,0.0,8.89,87.66,86.39,194.64,133.59,203.53,133.45
52.05,0.0,0.0,0.0,8.89,87.66,86.39,194.64,133.59,203.53,133.45
52.1,0.0,0.0,0.0,8.89,87.66,86.39,194.64,133.59,203.53,133.45
52.150000000000006,0.0,0.0,0.0,8.89,87.66,86.39,194.64,133.59,203.53,133.45
52.2,0.0,0.0,0.0,8.89,87.66,86.39,194.64,133.59,203.53,133.45
52.25,0.0,0.0,0.0,8.89,87.66,86.39,194.64,133.59,203.53,133.45
52.3,0.0,0.0,0.0,8.89,87.66,86.39,194.64,133.59,203.53,133.45
52.35,0.0,0.0,0.0,8.89,87.66,86.39,194.64,133.59,203.53,133.45
52.400000000000006,0.0,0.0,0.0,8.89,87.66,86.39,194.64,133.59,203.53,133.45
52.45,0.0,0.0,0.0,8.89,87.66,86.39,194.64,133.59,203.53,133.45
52.5,0.0,0.0,0.0,8.89,87.66,86.39,194.64,133.59,203.53,133.45
52.55,0.0,0.0,0.0,8.89,87.66,86.39,194.64,133.59,203.53,133.45
52.6,0.0,0.0,0.0,8.89,87.66,86.39,194.64,133.59,203.53,133.45
52.650000000000006,0.0,0.0,0.0,8.89,87.66,86.39,194.64,133.59,203.53,133.45
52.7,0.0,0.0,0.0,8.89,87.66,86.39,194.64,133.59,203.53,133.45
52.75,0.0,0.0,0.0,8.89,87.66,86.39,194.64,133.59,203.53,133.45
52.8,0.0,0.0,0.0,8.89,87.66,86.39,194.64,133.59,203.53,133.45
52.85,0.0,0.0,0.0,8.89,87.66,86.39,194.64,133.59,203.53,133.45
52.900000000000006,0.0,0.0,0.0,8.89,87.66,86.39,194.64,133.59,203.53,133.45
52.95,0.0,0.0,0.0,8.89,87.66,86.39,194.64,133.59,203.53,133.45
53.0,0.0,0.0,0.0,8.89,87.66,86.39,194.64,133.59,203.53,133.45
53.05,0.0,0.0,0.0,8.89,87.66,86.39,194.64,133.59,203.53,133.45
53.1,0.0,0.0,0.0,8.89,87.66,86.39,194.64,133.59,203.53,133.45
53.150000000000006,0.0,0.0,0.0,8.89,87.66,86.39,194.64,133.59,203.53,133.45
53.2,0.0,0.0,0.0,8.89,87.66,86.39,194.64,133.59,203.53,133.45
53.25,0.0,0.0,0.0,8.89,87.66,86.39,194.64,133.59,203.53,133.45
53.3,0.0,0.0,0.0,8.89,87.66,86.39,194.64,133.59,203.53,133.45
53.35,0.0,0.0,0.0,8.89,87.66,86.39,194.64,133.59,203.53,133.45
53.400000000000006,0.0,0.0,0.0,8.89,87.66,86.39,194.64,133.59,203.53,133.45
53.45,0.0,0.0,0.0,8.89,87.66,86.39,194.64,133.59,203.53,133.45
53.5,0.0,0.0,0.0,8.89,87.66,86.39,194.64,133.59,203.53,133.45
53.55,0.0,0.0,0.0,8.89,87.66,86.39,194.64,133.59,203.53,133.45
53.6,0.0,0.0,0.0,8.89,87.66,86.39,194.64,133.59,203.53,133.45
53.650000000000006,0.0,0.0,0.0,8.89,87.66,86.39,194.64,133.59,203.53,133.45
53.7,0.0,0.0,0.0,8.89,87.66,86.39,194.64,133.59,203.53,133.45
53.75,0.0,0.0,0.0,8.89,87.66,86.39,194.64,133.59,203.53,133.45
53.8,0.0,0.0,0.0,8.89,87.66,86.39,194.64,133.59,203.53,133.45
53.85,0.0,0.0,0.0,8.89,87.66,86.39,194.64,133.59,203.53,133.45
53.900000000000006,0.0,0.0,0.0,8.89,87.66,86.39,194.64,133.59,203.53,133.45
53.95,0.0,0.0,0.0,8.89,87.66,86.39,194.64,133.59,203.53,133.45
54.0,0.0,0.0,0.0,8.89,87.66,86.39,194.64,133.59,203.53,133.45
54.05,0.0,0.0,0.0,8.89,87.66,86.39,194.64,133.59,203.53,133.45
54.1,0.0,0.0,0.0,8.89,87.66,86.39,194.64,133.59,203.53,133.45
54.150000000000006,0.0,0.0,0.0,8.89,87.66,86.39,194.64,133.59,203.53,133.45
54.2,0.0,0.0,0.0,8.89,87.66,86.39,194.64,133.59,203.53,133.45
54.25,0.0,0.0,0.0,8.89,87.66,86.39,194.64,133.59,203.53,133.45
54.3,0.0,0.0,0.0,8.89,87.66,86.39,194.64,133.59,203.53,133.45
54.35,0.0,0.0,0.0,8.89,87.66,86.39,194.64,133.59,203.53,133.45
54.400000000000006,0.0,0.0,0.0,8.89,87.66,86.39,194.64,133.59,203.53,133.45
54.45,0.0,0.0,0.0,8.89,87.66,86.39,194.64,133.59,203.53,133.45
54.5,0.0,0.0,0.0,8.89,87.66,86.39,194.64,133.59,203.53,133.45
54.55,0.0,0.0,0.0,8.89,87.66,86.39,194.64,133.59,203.53,133.45
54.6,0.0,0.0,0.0,8.89,87.66,86.39,194.64,133.59,203.53,133.45
54.650000000000006,0.0,0.0,0.0,8.89,87.66,86.39,194.64,133.59,203.53,133.45
54.7,0.0,0.0,0.0,8.89,87.66,86.39,194.64,133.59,203.53,133.45
54.75,0.0,0.0,0.0,8.89,87.66,86.39,194.64,133.59,203.53,133.45
54.8,0.0,0.0,0.0,8.89,87.66,86.39,194.64,133.59,203.53,133.45
54.85,0.0,0.0,0.0,8.89,87.66,86.39,194.64,133.59,203.53,133.45
54.900000000000006,0.0,0.0,0.0,8.89,87.66,86.39,194.64,133.59,203.53,133.45
54.95,0.0,0.0,0.0,8.89,87.66,86.39,194.64,133.59,203.53,133.45
55.0,0.0,0.0,0.0,8.89,87.66,86.39,194.64,133.59,203.53,133.45
55.05,0.0,0.0,0.0,8.89,87.66,86.39,194.64,133.59,203.53,133.45
55.1,0.0,0.0,0.0,8.89,87.66,86.39,194.64,133.59,203.53,133.45
55.150000000000006,0.0,0.0,0.0,8.89,87.66,86.39,194.64,133.59,203.53,133.45
55.2,0.0,0.0,0.0,8.89,87.66,86.39,194.64,133.59,203.53,133.45
55.25,0.0,0.0,0.0,8.89,87.66,86.39,194.64,133.59,203.53,133.45
55.3,0.0,0.0,0.0,8.89,87.66,86.39,194.64,133.59,203.53,133.45
55.35,0.0,0.0,0.0,8.89,87.66,86.39,194.64,133.59,203.53,133.45
55.400000000000006,0.0,0.0,0.0,8.89,87.66,86.39,194.64,133.59,203.53,133.45
55.45,0.0,0.0,0.0,8.89,87.66,86.39,194.64,133.59,203.53,133.45
55.5,0.0,0.0,0.0,8.89,87.66,86.39,194.64,133.59,203.53,133.45
55.55,0.0,0.0,0.0,8.89,87.66,86.39,194.64,133.59,203.53,133.45
55.6,0.0,0.0,0.0,8.89,87.66,86.39,194.64,133.59,203.53,133.45
55.650000000000006,0.0,0.0,0.0,8.89,87.66,86.39,194.64,133.59,203.53,133.45
55.7,0.0,0.0,0.0,8.89,87.66,86.39,194.64,133.59,203.53,133.45
55.75,0.0,0.0,0.0,8.89,87.66,86.39,194.64,133.59,203.53,133.45
55.8,0.0,0.0,0.0,8.89,87.66,86.39,194.64,133.59,203.53,133.45
55.85,0.0,0.0,0.0,8.89,87.66,86.39,194.64,133.59,203.53,133.45
55.900000000000006,0.0,0.0,0.0,8.89,87.66,86.39,194.64,133.59,203.53,133.45
55.95,0.0,0.0,0.0,8.89,87.66,86.39,194.64,133.59,203.53,133.45
56.0,0.0,0.0,0.0,8.89,87.66,86.39,194.64,133.59,203.53,133.45
56.05,0.0,0.0,0.0,8.89,87.66,86.39,194.64,133.59,203.53,133.45
56.1,0.0,0.0,0.0,8.89,87.66,86.39,194.64,133.59,203.53,133.45
56.150000000000006,0.0,0.0,0.0,8.89,87.66,86.39,194.64,133.59,203.53,133.45
56.2,0.0,0.0,0.0,8.89,87.66,86.39,194.64,133.59,203.53,133.45
56.25,0.0,0.0,0.0,8.89,87.66,86.39,194.64,133.59,203.53,133.45
56.3,0.0,0.0,0.0,8.89,87.66,86.39,194.64,133.59,203.53,133.45
56.35,0.0,0.0,0.0,8.89,87.66,86.39,194.64,133.59,203.53,133.45
56.400000000000006,0.0,0.0,0.0,8.89,87.66,86.39,194.64,133.59,203.53,133.45
56.45,0.0,0.0,0.0,8.89,87.66,86.39,194.64,133.59,203.53,133.45
56.5,0.0,0.0,0.0,8.89,87.66,86.39,194.64,133.59,203.53,133.45
56.55,0.0,0.0,0.0,8.89,87.66,86.39,194.64,133.59,203.53,133.45
56.6,0.0,0.0,0.0,8.89,87.66,86.39,194.64,133.59,203.53,133.45
56.650000000000006,0.0,0.0,0.0,8.89,87.66,86.39,194.64,133.59,203.53,133.45
56.7,0.0,0.0,0.0,8.89,87.66,86.39,194.64,133.59,203.53,133.45
56.75,0.0,0.0,0.0,8.89,87.66,86.39,194.64,133.59,203.53,133.45
56.8,0.0,0.0,0.0,8.89,87.66,86.39,194.64,133.59,203.53,133.45
56.85,0.0,0.0,0.0,8.89,87.66,86.39,194.64,133.59,203.53,133.45
56.900000000000006,0.0,0.0,0.0,8.89,87.66,86.39,194.64,133.59,203.53,133.45
56.95,0.0,0.0,0.0,8.89,87.66,86.39,194.64,133.59,203.53,133.45
57.0,0.0,0.0,0.0,8.89,87.66,86.39,194.64,133.59,203.53,133.45
57.05,0.0,0.0,0.0,8.89,87.66,86.39,194.64,133.59,203.53,133.45
57.1,0.0,0.0,0.0,8.89,87.66,86.39,194.64,133.59,203.53,133.45
57.150000000000006,0.0,0.0,0.0,8.89,87.66,86.39,194.64,133.59,203.53,133.45
57.2,0.0,0.0,0.0,8.89,87.66,86.39,194.64,133.59,203.53,133.45
57.25,0.0,0.0,0.0,8.89,87.66,86.39,194.64,133.59,203.53,133.45
57.3,0.0,0.0,0.0,8.89,87.66,86.39,194.64,133.59,203.53,133.45
57.35,0.0,0.0,0.0,8.89,87.66,86.39,194.64,133.59,203.53,133.45
57.400000000000006,0.0,0.0,0.0,8.89,87.66,86.39,194.64,133.59,203.53,133.45
57.45,0.0,0.0,0.0,8.89,87.66,86.39,194.64,133.59,203.53,133.45
57.5,0.0,0.0,0.0,8.89,87.66,86.39,194.64,133.59,203.53,133.45
57.55,0.0,0.0,0.0,8.89,87.66,86.39,194.64,133.59,203.53,133.45
57.6,0.0,0.0,0.0,8.89,87.66,86.39,194.64,133.59,203.53,133.45
57.650000000000006,0.0,0.0,0.0,8.89,87.66,86.39,194.64,133.59,203.53,133.45
57.7,0.0,0.0,0.0,8.89,87.66,86.39,194.64,133.59,203.53,133.45
57.75,0.0,0.0,0.0,8.89,87.66,86.39,194.64,133.59,203.53,133.45
57.8,0.0,0.0,0.0,8.89,87.66,86.39,194.64,133.59,203.53,133.45
57.85,0.0,0.0,0.0,8.89,87.66,86.39,194.64,133.59,203.53,133.45
57.900000000000006,0.0,0.0,0.0,8.89,87.66,86.39,194.64,133.59,203.53,133.45
57.95,0.0,0.0,0.0,8.89,87.66,86.39,194.64,133.59,203.53,133.45
58.0,0.0,0.0,0.0,8.89,87.66,86.39,194.64,133.59,203.53,133.45
58.05,0.0,0.0,0.0,8.89,87.66,86.39,194.64,133.59,203.53,133.45
58.1,0.0,0.0,0.0,8.89,87.66,86.39,194.64,133.59,203.53,133.45
58.150000000000006,0.0,0.0,0.0,8.89,87.66,86.39,194.64,133.59,203.53,133.45
58.2,0.0,0.0,0.0,8.89,87.66,86.39,194.64,133.59,203.53,133.45
58.25,0.0,0.0,0.0,8.89,87.66,86.39,194.64,133.59,203.53,133.45
58.3,0.0,0.0,0.0,8.89,87.66,86.39,194.64,133.59,203.53,133.45
58.35,0.0,0.0,0.0,8.89,87.66,86.39,194.64,133.59,203.53,133.45
58.400000000000006,0.0,0.0,0.0,8.89,87.66,86.39,194.64,133.59,203.53,133.45
58.45,0.0,0.0,0.0,8.89,87.66,86.39,194.64,133.59,203.53,133.45
58.5,0.0,0.0,0.0,8.89,87.66,86.39,194.64,133.59,203.53,133.45
58.55,0.0,0.0,0.0,8.89,87.66,86.39,194.64,133.59,203.53,133.45
58.6,0.0,0.0,0.0,8.89,87.66,86.39,194.64,133.59,203.53,133.45
58.650000000000006,0.0,0.0,0.0,8.89,87.66,86.39,194.64,133.59,203.53,133.45
58.7,0.0,0.0,0.0,8.89,87.66,86.39,194.64,133.59,203.53,133.45
58.75,0.0,0.0,0.0,8.89,87.66,86.39,194.64,133.59,203.53,133.45
58.8,0.0,0.0,0.0,8.89,87.66,86.39,194.64,133.59,203.53,133.45
58.85,0.0,0.0,0.0,8.89,87.66,86.39,194.64,133.59,203.53,133.45
58.900000000000006,0.0,0.0,0.0,8.89,87.66,86.39,194.64,133.59,203.53,133.45
58.95,0.0,0.0,0.0,8.89,87.66,86.39,194.64,133.59,203.53,133.45
59.0,0.0,0.0,0.0,8.89,87.66,86.39,194.64,133.59,203.53,133.45
59.05,0.0,0.0,0.0,8.89,87.66,86.39,194.64,133.59,203.53,133.45
59.1,0.0,0.0,0.0,8.89,87.66,86.39,194.64,133.59,203.53,133.45
59.150000000000006,0.0,0.0,0.0,8.89,87.66,86.39,194.64,133.59,203.53,133.45
59.2,0.0,0.0,0.0,8.89,87.66,86.39,194.64,133.59,203.53,133.45
59.25,0.0,0.0,0.0,8.89,87.66,86.39,194.64,133.59,203.53,133.45
59.3,0.0,0.0,0.0,8.89,87.66,86.39,194.64,133.59,203.53,133.45
59.35,0.0,0.0,0.0,8.89,87.66,86.39,194.64,133.59,203.53,133.45
59.400000000000006,0.0,0.0,0.0,8.89,87.66,86.39,194.64,133.59,203.53,133.45
59.45,0.0,0.0,0.0,8.89,87.66,86.39,194.64,133.59,203.53,133.45
59.5,0.0,0.0,0.0,8.89,87.66,86.39,194.64,133.59,203.53,133.45
59.55,0.0,0.0,0.0,8.89,87.66,86.39,194.64,133.59,203.53,133.45
59.6,0.0,0.0,0.0,8.89,87.66,86.39,194.64,133.59,203.53,133.45
59.650000000000006,0.0,0.0,0.0,8.89,87.66,86.39,194.64,133.59,203.53,133.45
59.7,0.0,0.0,0.0,8.89,87.66,86.39,194.64,133.59,203.53,133.45
59.75,0.0,0.0,0.0,8.89,87.66,86.39,194.64,133.59,203.53,133.45
59.8,0.0,0.0,0.0,8.89,87.66,86.39,194.64,133.59,203.53,133.45
59.85,0.0,0.0,0.0,8.89,87.66,86.39,194.64,133.59,203.53,133.45
59.900000000000006,0.0,0.0,0.0,8.89,87.66,86.39,194.64,133.59,203.53,133.45
59.95,0.0,0.0,0.0,8.89,87.66,86.39,194.64,133.59,203.53,133.45
60.0,0.0,0.0,0.0,8.89,87.66,86.39,194.64,133.59,203.53,133.45
60.05,0.0,0.0,0.0,8.89,87.66,86.39,194.64,133.59,203.53,133.45
60.1,0.0,0.0,0.0,8.89,87.66,86.39,194.64,133.59,203.53,133.45
60.150000000000006,0.0,0.0,0.0,8.89,87.66,86.39,194.64,133.59,203.53,133.45
